name,crust,size,energy_kcal_100g,energy_kj_100g,fat_g_100g,sat_g_100g,carb_g_100g,sugars_g_100g,fibre_g_100g,protein_g_100g,salt_g_100g,sodium_g_100g,energy_kcal_serv,energy_kj_serv,fat_g_serv,sat_g_serv,carb_g_serv,sugars_g_serv,fibre_g_serv,protein_g_serv,salt_g_serv,sodium_g_serv,energy_kcal_rda,fat_rda,sat_rda,carb_rda,sugars_rda,fibre_rda,protein_rda,salt_rda,sodium_rda
Gluten Free Pizzas,GF Cheese & Tomato,Small,260,1087,10.1,5.9,32.1,3.6,3,8.7,1.29,0.51,804,3360,31.1,18.2,99.3,11,9.3,26.7,4,1.57,0.4,0.44,0.91,0.38,0.12,0.31,0.53,0.67,0.65
Gluten Free Pizzas,GF Vegi Supreme,Small,205,856,6.6,3.7,29,3.7,3,6,0.94,0.37,744,3116,24,13.5,105.7,13.3,10.9,21.8,3.42,1.34,0.37,0.34,0.68,0.41,0.15,0.36,0.44,0.57,0.56
Gluten Free Pizzas,GF Pepperoni Passion,Small,303,1262,16,8,27.6,3,2.6,10.7,1.85,0.73,1097,4574,58.1,28.9,99.9,11,9.3,38.8,6.7,2.63,0.55,0.83,1.44,0.38,0.12,0.31,0.78,1.12,1.1
Gluten Free Pizzas,GF Texas BBQ,Small,283,1191,9.7,3.5,38.5,13.4,3.1,9.3,1.6,0.63,824,3469,28.1,10.1,112.1,38.9,9.1,27,4.67,1.84,0.41,0.4,0.5,0.43,0.43,0.3,0.54,0.78,0.77
Gluten Free Pizzas,GF New Yorker,Small,259,1082,12.1,5.1,26.7,2.9,2.6,9.4,1.67,0.66,964,4027,44.9,19,99.4,10.8,9.6,35.1,6.23,2.45,0.48,0.64,0.95,0.38,0.12,0.32,0.7,1.04,1.02
Vegan Pizza,Vegan Margherita,Medium,277,1159,8.8,6,42.5,5.1,2.9,8.5,1.07,0.42,500,2092,15.9,10.8,76.7,9.2,5.2,15.3,1.92,0.76,0.25,0.23,0.54,0.3,0.1,0.17,0.31,0.32,0.32
Vegan Pizza,Vegan Vegi Supreme,Medium,233,975,7.1,4.6,36.1,5.8,2.5,7.5,0.88,0.35,503,2103,15.3,9.9,77.9,12.5,5.4,16.2,1.89,0.74,0.25,0.22,0.5,0.3,0.14,0.18,0.32,0.32,0.31
Vegan Pizza,Vegan Margherita - Italian Style,Large,248,1044,8,5.4,35.3,5,2.2,7.7,1.18,0.47,439,1848,45.9,29.7,233.7,37.5,16.2,48.6,5.67,2.27,0.22,0.66,1.48,0.9,0.42,0.54,0.97,0.94,0.95
Vegan Pizza,Vegan Vegi Supreme - Italian Style,Large,219,920,7.3,5.2,30.7,4.1,2.2,6.4,0.88,0.35,456,1915,15.2,10.8,63.9,8.5,4.6,13.3,1.83,0.73,0.23,0.22,0.54,0.25,0.09,0.15,0.27,0.3,0.3
American Hot,Classic Crust,Large,272,1144,11.1,5.1,30.2,6.3,1.9,11.9,1.75,0.69,626,2631,25.6,11.8,69.6,14.4,4.4,27.3,4.02,1.58,0.31,0.37,0.59,0.27,0.16,0.15,0.55,0.67,0.66
American Hot,Classic Crust,Medium,285,1193,12.3,5.8,31.6,6.4,2.1,10.9,1.76,0.69,567,2378,24.4,11.5,63,12.7,4.2,21.7,3.51,1.38,0.28,0.35,0.57,0.24,0.14,0.14,0.43,0.58,0.57
American Hot,Classic Crust,Small,255,1065,10.6,5,27.4,4,2.2,11.6,1.57,0.62,1044,4360,43.2,20.5,112.2,16.2,9.1,47.5,6.41,2.52,0.52,0.62,1.02,0.43,0.18,0.3,0.95,1.07,1.05
American Hot,Classic Crust,Personal,311,1308,11,5.1,41.9,6.1,2.1,10.1,1.8,0.71,588,2476,20.8,9.6,79.3,11.6,3.9,19.2,3.41,1.34,0.29,0.3,0.48,0.3,0.13,0.13,0.38,0.57,0.56
American Hot,Italian Style Crust,Large,269,1127,12.3,5.7,25.1,7.1,2,13.6,1.87,0.74,517,2165,23.6,11,48.1,13.6,3.9,26.1,3.6,1.42,0.26,0.34,0.55,0.18,0.15,0.13,0.52,0.6,0.59
American Hot,Italian Style Crust,Medium,273,1142,12.8,5.9,25.6,6.8,2.2,12.8,1.93,0.76,458,1918,21.4,10,43,11.4,3.7,21.5,3.25,1.28,0.23,0.31,0.5,0.17,0.13,0.12,0.43,0.54,0.53
American Hot,Italian Style Crust,Small,293,1228,13.3,6.3,30.8,3.6,1.9,11.7,1.97,0.78,915,3833,41.6,19.8,96.1,11.2,5.9,36.6,6.16,2.42,0.46,0.59,0.99,0.37,0.12,0.2,0.73,1.03,1.01
American Hot,Stuffed Crust,Large,253,1057,11.1,5.6,25.4,6.5,3.8,10.8,1.6,0.63,673,2818,29.7,15,67.6,17.3,10.2,28.7,4.26,1.67,0.34,0.42,0.75,0.26,0.19,0.34,0.57,0.71,0.7
American Hot,Stuffed Crust,Medium,266,1113,12.4,5.9,26.8,6.6,3.7,9.9,1.66,0.65,656,2746,30.6,14.7,66.3,16.4,9.2,24.4,4.1,1.61,0.33,0.44,0.74,0.26,0.18,0.31,0.49,0.68,0.67
American Hot,Thin & Crispy Crust,Large,294,1230,14.8,6.8,28.5,5.7,1.9,10.8,1.87,0.73,481,2011,24.1,11.2,46.6,9.4,3.2,17.7,3.05,1.2,0.24,0.34,0.56,0.18,0.1,0.11,0.35,0.51,0.5
American Hot,Thin & Crispy Crust,Medium,310,1294,15.7,7.3,28.4,5.5,1.8,12.7,2.29,0.9,452,1889,22.9,10.6,41.5,8.1,2.6,18.5,3.35,1.32,0.23,0.33,0.53,0.16,0.09,0.09,0.37,0.56,0.55
Americano,Classic Crust,Large,310,1298,15.1,7.5,29.8,12.1,2,12.9,1.65,0.65,703,2941,34.2,16.9,67.5,27.5,4.6,29.3,3.73,1.47,0.35,0.49,0.84,0.26,0.31,0.15,0.59,0.62,0.61
Americano,Classic Crust,Medium,327,1374,12.2,6,37.1,11.4,2.1,16.3,1.67,0.66,643,2700,24,11.8,72.8,22.4,4.1,32.1,3.29,1.29,0.32,0.34,0.59,0.28,0.25,0.14,0.64,0.55,0.54
Americano,Classic Crust,Small,328,1374,13.1,6.2,37.4,11.3,1.7,14.4,1.95,0.77,1098,4606,43.9,20.7,125.2,37.9,5.7,48.2,6.53,2.57,0.55,0.63,1.03,0.48,0.42,0.19,0.96,1.09,1.07
Americano,Classic Crust,Personal,353,1483,11.6,5.6,45.7,12,2.1,15.5,1.99,0.78,665,2793,21.8,10.5,86.1,22.5,4,29.3,3.75,1.47,0.33,0.31,0.52,0.33,0.25,0.13,0.59,0.62,0.61
Americano,Italian Style Crust,Large,321,1348,11.9,5.6,39.8,14.6,2.1,12.9,2,0.79,606,2543,22.4,10.5,75,27.6,3.9,24.3,3.77,1.48,0.3,0.32,0.52,0.29,0.31,0.13,0.49,0.63,0.62
Americano,Italian Style Crust,Medium,316,1329,12,5.6,38.5,14.9,2.5,12.6,2.06,0.81,658,2764,24.9,11.6,80,31,5.2,26.3,4.29,1.69,0.33,0.36,0.58,0.31,0.34,0.17,0.53,0.72,0.7
Americano,Italian Style Crust,Small,309,1289,12.8,6.3,33,12,2,14.8,1.95,0.77,952,3976,39.4,19.6,101.7,36.9,6.1,45.6,6.02,2.37,0.48,0.56,0.98,0.39,0.41,0.2,0.91,1,0.99
Americano,Stuffed Crust,Large,312,1310,12.6,6.6,31.6,9.6,2.6,16.9,1.92,0.75,820,3445,33.2,17.3,83,25.3,6.8,44.6,5.04,1.98,0.41,0.47,0.86,0.32,0.28,0.23,0.89,0.84,0.82
Americano,Stuffed Crust,Medium,310,1296,12.4,6.2,31.2,10.2,3.9,16.3,1.76,0.69,755,3164,30.4,15.1,76.2,25,9.6,39.7,4.3,1.69,0.38,0.43,0.76,0.29,0.28,0.32,0.79,0.72,0.7
Americano,Thin & Crispy Crust,Large,336,1407,14.5,6.8,32.8,13.3,3.1,17.1,2.03,0.8,537,2252,23.3,10.9,52.5,21.3,5,27.3,3.25,1.28,0.27,0.33,0.55,0.2,0.24,0.17,0.55,0.54,0.53
Americano,Thin & Crispy Crust,Medium,345,1443,15.3,7.1,35.7,13.1,3.2,14.7,2.14,0.84,495,2071,21.9,10.2,51.3,18.8,4.5,21.1,3.06,1.21,0.25,0.31,0.51,0.2,0.21,0.15,0.42,0.51,0.5
Bacon Double Cheese,Classic Crust,Large,273,1148,11.4,5.1,28.9,5.8,1.8,13.1,1.34,0.53,657,2761,27.3,12.2,69.5,14,4.3,31.4,3.22,1.27,0.33,0.39,0.61,0.27,0.16,0.14,0.63,0.54,0.53
Bacon Double Cheese,Classic Crust,Medium,283,1186,12.2,5.5,30.3,6,2,12,1.32,0.52,585,2457,25.2,11.5,62.8,12.3,4.1,25,2.73,1.07,0.29,0.36,0.57,0.24,0.14,0.14,0.5,0.46,0.45
Bacon Double Cheese,Classic Crust,Small,253,1056,10.3,4.6,26.5,3.7,2.1,12.5,1.16,0.46,1064,4447,43.3,19.4,111.7,15.4,8.9,52.6,4.88,1.92,0.53,0.62,0.97,0.43,0.17,0.3,1.05,0.81,0.8
Bacon Double Cheese,Classic Crust,Personal,309,1300,11.7,4.6,38.9,5.6,1.9,11.2,1.42,0.56,629,2648,23.8,9.4,79.2,11.4,3.9,22.8,2.89,1.14,0.31,0.34,0.47,0.3,0.13,0.13,0.46,0.48,0.48
Bacon Double Cheese,Italian Style Crust,Large,270,1133,12.5,5.6,23.7,6.5,1.9,14.9,1.39,0.55,547,2294,25.3,11.4,48,13.2,3.8,30.2,2.81,1.1,0.27,0.36,0.57,0.18,0.15,0.13,0.6,0.47,0.46
Bacon Double Cheese,Italian Style Crust,Medium,271,1136,12.6,5.7,24.3,6.3,2,14.1,1.4,0.55,477,1998,22.2,9.9,42.8,11,3.6,24.7,2.46,0.97,0.24,0.32,0.5,0.16,0.12,0.12,0.49,0.41,0.4
Bacon Double Cheese,Italian Style Crust,Small,288,1210,12.9,5.8,29.5,3.2,1.8,12.9,1.43,0.56,934,3920,41.8,18.7,95.6,10.4,5.7,41.6,4.63,1.82,0.47,0.6,0.94,0.37,0.12,0.19,0.83,0.77,0.76
Bacon Double Cheese,Stuffed Crust,Large,254,1064,11.3,5.6,24.4,6.1,3.7,11.8,1.25,0.49,704,2948,31.4,15.5,67.5,16.9,10.1,32.7,3.46,1.36,0.35,0.45,0.78,0.26,0.19,0.34,0.65,0.58,0.57
Bacon Double Cheese,Stuffed Crust,Medium,265,1110,12.3,5.8,25.9,6.3,3.6,10.9,1.3,0.51,674,2824,31.3,14.6,66,16,9.1,27.7,3.31,1.3,0.34,0.45,0.73,0.25,0.18,0.3,0.55,0.55,0.54
Bacon Double Cheese,Thin & Crispy Crust,Large,294,1230,14.8,6.7,26.7,5.1,1.8,12.5,1.3,0.51,511,2140,25.8,11.6,46.5,9,3.1,21.7,2.26,0.89,0.26,0.37,0.58,0.18,0.1,0.1,0.43,0.38,0.37
Bacon Double Cheese,Thin & Crispy Crust,Medium,306,1279,15.4,6.9,26.9,5,1.6,14.2,1.66,0.65,471,1971,23.7,10.6,41.4,7.7,2.5,21.8,2.56,1.01,0.24,0.34,0.53,0.16,0.09,0.08,0.44,0.43,0.42
Buffalo Chicken,Classic Crust,Large,231,975,6.7,3.3,28.7,6.1,2,9.6,1.45,0.57,576,2424,16.6,8.2,71.4,15.2,4.9,23.8,3.61,1.42,0.29,0.24,0.41,0.27,0.17,0.16,0.48,0.6,0.59
Buffalo Chicken,Classic Crust,Medium,239,1006,7.2,3.7,30.2,6.3,2.2,12.6,1.45,0.57,509,2144,15.3,7.9,64.5,13.3,4.6,26.8,3.09,1.22,0.25,0.22,0.4,0.25,0.15,0.15,0.54,0.52,0.51
Buffalo Chicken,Classic Crust,Small,213,894,5.7,3.1,26.6,4,2.3,13.1,1.26,0.5,924,3869,24.9,13.2,115,17.4,9.9,56.5,5.47,2.15,0.46,0.36,0.66,0.44,0.19,0.33,1.13,0.91,0.9
Buffalo Chicken,Classic Crust,Personal,265,1121,6.3,3.1,39.6,6,2.1,12,1.5,0.59,541,2283,12.8,6.4,80.7,12.3,4.3,24.4,3.05,1.2,0.27,0.18,0.32,0.31,0.14,0.14,0.49,0.51,0.5
Buffalo Chicken,Italian Style Crust,Large,221,929,6.9,3.5,23.7,6.8,2.1,10.7,1.52,0.6,466,1957,14.6,7.4,49.9,14.4,4.3,22.6,3.2,1.26,0.23,0.21,0.37,0.19,0.16,0.14,0.45,0.53,0.52
Buffalo Chicken,Italian Style Crust,Medium,220,927,6.8,3.5,24.4,6.6,2.3,14.6,1.55,0.61,401,1685,12.3,6.3,44.4,12,4.1,26.6,2.82,1.11,0.2,0.18,0.32,0.17,0.13,0.14,0.53,0.47,0.46
Buffalo Chicken,Italian Style Crust,Small,236,995,6.9,3.7,29.4,3.7,2,13.6,1.55,0.61,794,3343,23.3,12.5,98.9,12.4,6.7,45.6,5.22,2.05,0.4,0.33,0.62,0.38,0.14,0.22,0.91,0.87,0.85
Buffalo Chicken,Stuffed Crust,Large,220,922,7.2,4.1,24.6,3.9,3.1,9.9,1.39,0.55,688,2881,22.5,13,76.8,12.1,9.7,31.1,4.36,1.71,0.34,0.32,0.65,0.3,0.13,0.32,0.62,0.73,0.71
Buffalo Chicken,Stuffed Crust,Medium,230,964,8.2,4.2,26,6.5,3.7,11.3,1.41,0.55,598,2512,21.5,11,67.7,17,9.6,29.5,3.67,1.44,0.3,0.31,0.55,0.26,0.19,0.32,0.59,0.61,0.6
Buffalo Chicken,Thin & Crispy Crust,Large,236,990,8.3,4.1,26.6,5.6,2,7.8,1.45,0.57,430,1804,15.1,7.6,48.4,10.1,3.7,14.1,2.65,1.04,0.22,0.22,0.38,0.19,0.11,0.12,0.28,0.44,0.43
Buffalo Chicken,Thin & Crispy Crust,Medium,247,1036,8.6,4.4,26.9,5.5,1.9,14.8,1.83,0.72,395,1659,13.8,7,43,8.7,3,23.7,2.93,1.15,0.2,0.2,0.35,0.17,0.1,0.1,0.47,0.49,0.48
Catalan Chicken and Chorizo,Classic Crust,Large,257,1079,10,4.2,28.4,6.1,2,12.6,1.25,0.49,660,2774,25.7,10.9,72.9,15.8,5.2,32.4,3.23,1.27,0.33,0.37,0.55,0.28,0.18,0.17,0.65,0.54,0.53
Catalan Chicken and Chorizo,Classic Crust,Medium,263,1102,10.4,4.6,29.6,6.3,2.2,11.8,1.21,0.48,588,2465,23.3,10.2,66.1,14,5,26.3,2.71,1.06,0.29,0.33,0.51,0.25,0.16,0.17,0.53,0.45,0.44
Catalan Chicken and Chorizo,Classic Crust,Small,231,965,8.8,3.9,24.6,4.1,2.3,12.5,1.07,0.42,997,4188,37,15.7,114.6,19.8,7.1,48.7,4.74,1.87,0.5,0.53,0.78,0.44,0.22,0.24,0.97,0.79,0.78
Catalan Chicken and Chorizo,Classic Crust,Personal,280,1179,8.9,3.9,37.3,5.9,2.2,11.7,1.24,0.49,624,2626,19.9,8.6,83.1,13.2,4.9,26.1,2.77,1.09,0.31,0.28,0.43,0.32,0.15,0.16,0.52,0.46,0.45
Catalan Chicken and Chorizo,Italian Style Crust,Large,252,1053,10.8,4.6,23.5,6.8,2.1,14.2,1.28,0.5,551,2307,23.6,10,51.5,15,4.7,31.2,2.81,1.11,0.28,0.34,0.5,0.2,0.17,0.16,0.62,0.47,0.46
Catalan Chicken and Chorizo,Italian Style Crust,Medium,249,1043,10.5,4.5,24,6.6,2.3,13.6,1.27,0.5,479,2006,20.3,8.7,46.1,12.7,4.5,26.1,2.44,0.96,0.24,0.29,0.43,0.18,0.14,0.15,0.52,0.41,0.4
Catalan Chicken and Chorizo,Italian Style Crust,Small,263,1101,10.4,4.8,28.7,3.8,2.1,12.8,1.28,0.5,935,3920,37.2,16.9,102,13.7,7.5,45.5,4.56,1.79,0.47,0.53,0.84,0.39,0.15,0.25,0.91,0.76,0.75
Catalan Chicken and Chorizo,Stuffed Crust,Large,241,1009,10.1,4.8,24.2,6.4,3.8,11.5,1.18,0.46,708,2961,29.7,14.1,71,18.7,11,33.7,3.47,1.36,0.35,0.42,0.7,0.27,0.21,0.37,0.67,0.58,0.57
Catalan Chicken and Chorizo,Stuffed Crust,Medium,250,1045,10.9,4.9,25.6,6.5,3.7,10.7,1.21,0.48,676,2833,29.4,13.4,69.3,17.7,10,29,3.29,1.29,0.34,0.42,0.67,0.27,0.2,0.33,0.58,0.55,0.54
Catalan Chicken and Chorizo,Thin & Crispy Crust,Large,270,1130,12.7,5.4,26.2,5.6,2.1,11.9,1.19,0.47,515,2154,24.1,10.2,50,10.8,4,22.8,2.26,0.89,0.26,0.34,0.51,0.19,0.12,0.13,0.46,0.38,0.37
Catalan Chicken and Chorizo,Thin & Crispy Crust,Medium,278,1161,12.8,5.5,26.2,5.5,2,13.6,1.49,0.59,473,1980,21.8,9.3,44.7,9.4,3.4,23.2,2.55,1,0.24,0.31,0.46,0.17,0.1,0.11,0.46,0.42,0.42
Chicken Feast,Classic Crust,Large,251,1058,7.2,3.5,30.6,5.9,2,15.3,1.11,0.44,595,2508,17.1,8.3,72.6,13.9,4.8,36.3,2.63,1.03,0.3,0.24,0.42,0.28,0.15,0.16,0.73,0.44,0.43
Chicken Feast,Classic Crust,Medium,259,1091,7.7,3.9,32.1,6,2.2,14.6,1.07,0.42,531,2234,15.8,8,65.8,12.3,4.6,29.8,2.19,0.86,0.27,0.23,0.4,0.25,0.14,0.15,0.6,0.36,0.36
Chicken Feast,Classic Crust,Small,232,971,6.2,3.2,28.3,3.7,2.3,14.8,0.93,0.37,955,4000,25.6,13.3,116.7,15.3,9.7,60.8,3.84,1.51,0.48,0.37,0.66,0.45,0.17,0.32,1.22,0.64,0.63
Chicken Feast,Classic Crust,Personal,286,1208,6.7,3.3,42,5.8,2.2,13.6,1.15,0.45,557,2351,13.1,6.4,81.7,11.3,4.2,26.6,2.24,0.88,0.28,0.19,0.32,0.31,0.13,0.14,0.53,0.37,0.37
Chicken Feast,Italian Style Crust,Large,244,1026,7.5,3.7,25.7,6.6,2.1,17.6,1.11,0.44,485,2042,15,7.5,51.1,13.1,4.3,35.1,2.21,0.87,0.24,0.21,0.38,0.2,0.15,0.14,0.7,0.37,0.36
Chicken Feast,Italian Style Crust,Medium,243,1023,7.4,3.7,26.4,6.3,2.3,17.1,1.11,0.44,422,1774,12.8,6.4,45.7,11,4,29.6,1.92,0.76,0.21,0.18,0.32,0.18,0.12,0.13,0.59,0.32,0.32
Chicken Feast,Italian Style Crust,Small,262,1103,7.6,4,32,3.3,2.1,15.8,1.14,0.45,825,3474,24,12.6,100.7,10.2,6.5,49.9,3.59,1.41,0.41,0.34,0.63,0.39,0.11,0.22,1,0.6,0.59
Chicken Feast,Stuffed Crust,Large,235,985,7.7,4.2,25.8,6.2,3.9,13.7,1.05,0.41,642,2695,21.1,11.5,70.6,16.8,10.6,37.6,2.87,1.13,0.32,0.3,0.57,0.27,0.19,0.35,0.75,0.48,0.47
Chicken Feast,Stuffed Crust,Medium,246,1032,8.7,4.4,27.4,6.3,3.8,12.9,1.1,0.43,620,2602,21.9,11.1,69,15.9,9.6,32.5,2.77,1.09,0.31,0.31,0.55,0.27,0.18,0.32,0.65,0.46,0.45
Chicken Feast,Thin & Crispy Crust,Large,263,1107,9.1,4.5,29.1,5.2,2.1,15.6,0.98,0.38,449,1888,15.6,7.6,49.6,8.9,3.6,26.6,1.67,0.66,0.22,0.22,0.38,0.19,0.1,0.12,0.53,0.28,0.28
Chicken Feast,Thin & Crispy Crust,Medium,275,1153,9.4,4.7,29.2,5.1,1.9,17.6,1.34,0.53,416,1748,14.3,7.1,44.3,7.7,3,26.7,2.03,0.8,0.21,0.2,0.36,0.17,0.09,0.1,0.53,0.34,0.33
Deluxe,Classic Crust,Large,263,1106,10.4,4.8,29.7,6.1,1.9,12,1.35,0.53,623,2618,24.6,11.4,70.3,14.6,4.5,28.4,3.2,1.26,0.31,0.35,0.57,0.27,0.16,0.15,0.57,0.53,0.52
Deluxe,Classic Crust,Medium,274,1147,11.3,5.4,30.9,6.2,2.1,11,1.35,0.53,563,2363,23.3,11,63.8,12.9,4.3,22.7,2.78,1.09,0.28,0.33,0.55,0.25,0.14,0.14,0.45,0.46,0.45
Deluxe,Classic Crust,Small,246,1026,9.7,4.6,27,3.9,2.2,11.7,1.21,0.47,1033,4316,40.7,19.5,113.5,16.4,9.3,49.4,5.08,2,0.52,0.58,0.98,0.44,0.18,0.31,0.99,0.85,0.83
Deluxe,Classic Crust,Personal,296,1247,9.8,4.5,40.8,6,2,10.4,1.39,0.54,581,2449,19.2,8.9,80.2,11.8,4,20.3,2.72,1.07,0.29,0.27,0.44,0.31,0.13,0.13,0.41,0.45,0.45
Deluxe,Italian Style Crust,Large,258,1082,11.3,5.3,24.6,6.9,2,13.7,1.4,0.55,514,2152,22.5,10.5,48.8,13.7,4,27.2,2.79,1.1,0.26,0.32,0.52,0.19,0.15,0.13,0.54,0.46,0.46
Deluxe,Italian Style Crust,Medium,260,1090,11.6,5.4,25,6.6,2.2,12.9,1.44,0.57,455,1904,20.3,9.5,43.7,11.6,3.8,22.5,2.52,0.99,0.23,0.29,0.48,0.17,0.13,0.13,0.45,0.42,0.41
Deluxe,Italian Style Crust,Small,279,1170,12.1,5.8,30.1,3.5,1.9,11.9,1.49,0.59,904,3790,39.2,18.8,97.4,11.4,6.1,38.4,4.82,1.9,0.45,0.56,0.94,0.37,0.13,0.2,0.77,0.8,0.79
Deluxe,Stuffed Crust,Large,245,1026,10.5,5.3,25,6.4,3.8,10.9,1.26,0.5,670,2805,28.7,14.6,68.3,17.5,10.3,29.8,3.44,1.35,0.34,0.41,0.73,0.26,0.19,0.34,0.6,0.57,0.56
Deluxe,Stuffed Crust,Medium,257,1077,11.6,5.6,26.4,6.5,3.7,10,1.33,0.52,652,2732,29.5,14.2,67,16.5,9.3,25.4,3.37,1.32,0.33,0.42,0.71,0.26,0.18,0.31,0.51,0.56,0.55
Deluxe,Thin & Crispy Crust,Large,280,1173,13.5,6.3,27.8,5.6,1.9,11,1.32,0.52,478,1998,23.1,10.7,47.3,9.5,3.3,18.8,2.24,0.88,0.24,0.33,0.53,0.18,0.11,0.11,0.38,0.37,0.37
Deluxe,Thin & Crispy Crust,Medium,295,1232,14.3,6.6,27.9,5.4,1.8,12.8,1.71,0.67,460,1926,22.3,10.4,43.7,8.5,2.8,20.1,2.68,1.05,0.23,0.32,0.52,0.17,0.09,0.09,0.4,0.45,0.44
Farmhouse,Classic Crust,Large,233,981,7.1,3.5,29.3,6.1,1.9,12,1.27,0.5,552,2327,16.9,8.4,69.5,14.5,4.5,28.6,3.02,1.19,0.28,0.24,0.42,0.27,0.16,0.15,0.57,0.5,0.5
Farmhouse,Classic Crust,Medium,239,1006,7.6,3.9,30.5,6.2,2.1,11.1,1.26,0.5,493,2072,15.7,8,62.9,12.8,4.3,22.8,2.6,1.02,0.25,0.22,0.4,0.24,0.14,0.14,0.46,0.43,0.43
Farmhouse,Classic Crust,Small,212,889,6.1,3.2,26.6,3.9,2.2,11.8,1.12,0.44,894,3741,25.6,13.5,111.9,16.3,9.3,49.5,4.71,1.85,0.45,0.37,0.68,0.43,0.18,0.31,0.99,0.78,0.77
Farmhouse,Classic Crust,Personal,267,1128,6.7,3.3,40.5,6,2,10.3,1.33,0.52,522,2205,13.1,6.5,79.2,11.7,4,20.2,2.6,1.02,0.26,0.19,0.32,0.3,0.13,0.13,0.4,0.43,0.43
Farmhouse,Italian Style Crust,Large,222,935,7.5,3.8,24.1,6.9,2,13.7,1.31,0.51,443,1861,14.8,7.5,48,13.7,4,27.4,2.6,1.02,0.22,0.21,0.38,0.18,0.15,0.13,0.55,0.43,0.43
Farmhouse,Italian Style Crust,Medium,220,923,7.3,3.7,24.6,6.6,2.2,12.9,1.33,0.53,384,1612,12.7,6.5,42.9,11.5,3.8,22.6,2.33,0.92,0.19,0.18,0.32,0.16,0.13,0.13,0.45,0.39,0.38
Farmhouse,Italian Style Crust,Small,236,994,7.4,4,29.7,3.5,1.9,11.9,1.38,0.54,763,3211,24,12.8,95.8,11.3,6.1,38.4,4.44,1.75,0.38,0.34,0.64,0.37,0.13,0.2,0.77,0.74,0.73
Farmhouse,Stuffed Crust,Large,219,919,7.7,4.2,24.7,6.4,3.8,10.9,1.19,0.47,599,2514,21,11.6,67.5,17.4,10.3,29.9,3.26,1.28,0.3,0.3,0.58,0.26,0.19,0.34,0.6,0.54,0.53
Farmhouse,Stuffed Crust,Medium,229,962,8.6,4.4,26.1,6.5,3.7,10.1,1.26,0.49,581,2440,21.8,11.2,66.2,16.4,9.3,25.5,3.18,1.25,0.29,0.31,0.56,0.25,0.18,0.31,0.51,0.53,0.52
Farmhouse,Thin & Crispy Crust,Large,238,1001,9,4.5,27.3,5.5,1.9,11.1,1.21,0.47,408,1710,15.4,7.7,46.6,9.5,3.3,19,2.06,0.81,0.2,0.22,0.38,0.18,0.11,0.11,0.38,0.34,0.34
Farmhouse,Thin & Crispy Crust,Medium,247,1037,9.3,4.7,27.1,5.4,1.8,12.9,1.59,0.63,378,1586,14.2,7.1,41.5,8.2,2.7,19.7,2.44,0.96,0.19,0.2,0.36,0.16,0.09,0.09,0.39,0.41,0.4
Fiery Vegi Sizzler,Classic Crust,Large,234,986,7.2,3.6,31,6.4,2,10.4,1.25,0.49,523,2204,16,8,69.4,14.4,4.4,23.4,2.79,1.1,0.26,0.23,0.4,0.27,0.16,0.15,0.47,0.46,0.46
Fiery Vegi Sizzler,Classic Crust,Medium,242,1018,7.7,4,32.8,6.6,2.2,9.2,1.21,0.48,464,1950,14.8,7.7,62.9,12.7,4.3,17.7,2.32,0.91,0.23,0.21,0.38,0.24,0.14,0.14,0.35,0.39,0.38
Fiery Vegi Sizzler,Classic Crust,Small,213,891,6.1,3.3,28.4,4.1,2.3,10,1.04,0.41,837,3503,24,12.9,111.8,16.2,9.1,39.5,4.09,1.61,0.42,0.34,0.64,0.43,0.18,0.3,0.79,0.68,0.67
Fiery Vegi Sizzler,Classic Crust,Personal,274,1159,6.8,3.4,43.8,6.4,2.2,8.6,1.29,0.51,496,2094,12.3,6.2,79.1,11.6,3.9,15.6,2.33,0.92,0.25,0.18,0.31,0.3,0.13,0.13,0.31,0.39,0.38
Fiery Vegi Sizzler,Italian Style Crust,Large,223,936,7.5,3.9,25.8,7.3,2.1,11.9,1.28,0.5,414,1737,14,7.2,47.9,13.6,3.9,22.1,2.37,0.93,0.21,0.2,0.36,0.18,0.15,0.13,0.44,0.4,0.39
Fiery Vegi Sizzler,Italian Style Crust,Medium,221,930,7.4,3.8,26.7,7.1,2.3,10.9,1.28,0.5,355,1490,11.8,6.1,42.8,11.4,3.7,17.5,2.05,0.81,0.18,0.17,0.3,0.16,0.13,0.12,0.35,0.34,0.34
Fiery Vegi Sizzler,Italian Style Crust,Small,239,1006,7.6,4.1,32.3,3.8,2,9.6,1.3,0.51,708,2977,22.4,12.2,95.7,11.1,5.9,28.5,3.83,1.51,0.35,0.32,0.61,0.37,0.12,0.2,0.57,0.64,0.63
Fiery Vegi Sizzler,Stuffed Crust,Large,219,919,7.7,4.3,25.9,6.7,3.9,9.5,1.17,0.46,570,2391,20.1,11.2,67.5,17.3,10.2,24.7,3.03,1.19,0.28,0.29,0.56,0.26,0.19,0.34,0.49,0.5,0.5
Fiery Vegi Sizzler,Stuffed Crust,Medium,231,969,8.8,4.5,27.6,6.8,3.9,8.5,1.21,0.48,552,2318,21,10.8,66.1,16.4,9.3,20.4,2.9,1.14,0.28,0.3,0.54,0.25,0.18,0.31,0.41,0.48,0.48
Fiery Vegi Sizzler,Thin & Crispy Crust,Large,240,1009,9.3,4.7,29.6,6,2,8.7,1.16,0.46,378,1584,14.5,7.3,46.4,9.4,3.2,13.7,1.83,0.72,0.19,0.21,0.36,0.18,0.1,0.11,0.27,0.3,0.3
Fiery Vegi Sizzler,Thin & Crispy Crust,Medium,252,1057,9.6,4.9,29.9,5.9,1.9,10.5,1.56,0.61,349,1464,13.3,6.8,41.4,8.1,2.6,14.5,2.16,0.85,0.17,0.19,0.34,0.16,0.09,0.09,0.29,0.36,0.35
Four Vegi,Classic Crust,Large,246,1036,7.4,3.7,33.2,6.9,2.3,11,1.12,0.44,539,2270,16.1,8,72.6,15,5.1,24.2,2.46,0.97,0.27,0.23,0.4,0.28,0.17,0.17,0.48,0.41,0.4
Four Vegi,Classic Crust,Medium,254,1069,7.9,4.1,35,7.1,2.6,9.8,1.08,0.43,479,2015,14.9,7.7,66,13.3,4.9,18.5,2.04,0.8,0.24,0.21,0.38,0.25,0.15,0.16,0.37,0.34,0.33
Four Vegi,Classic Crust,Small,225,940,6.2,3.3,30.5,4.5,2.7,10.6,0.94,0.37,867,3628,24.1,12.9,117.8,17.3,10.4,41,3.61,1.42,0.43,0.34,0.64,0.45,0.19,0.35,0.82,0.6,0.59
Four Vegi,Classic Crust,Personal,286,1206,6.9,3.4,45.9,6.7,2.6,9.2,1.2,0.47,515,2173,12.4,6.2,82.8,12.2,4.7,16.5,2.17,0.85,0.26,0.18,0.31,0.32,0.14,0.16,0.33,0.36,0.35
Four Vegi,Italian Style Crust,Large,237,996,7.8,4,28.3,7.9,2.5,12.7,1.13,0.44,429,1803,14,7.2,51.2,14.2,4.6,23,2.05,0.8,0.21,0.2,0.36,0.2,0.16,0.15,0.46,0.34,0.33
Four Vegi,Italian Style Crust,Medium,236,990,7.6,3.9,29.3,7.6,2.8,11.6,1.13,0.44,370,1555,11.9,6.2,46,12,4.4,18.3,1.77,0.7,0.18,0.17,0.31,0.18,0.13,0.15,0.37,0.3,0.29
Four Vegi,Italian Style Crust,Small,255,1074,7.8,4.2,35.2,4.2,2.5,10.4,1.16,0.46,737,3101,22.5,12.2,101.8,12.2,7.2,30,3.36,1.32,0.37,0.32,0.61,0.39,0.14,0.24,0.6,0.56,0.55
Four Vegi,Stuffed Crust,Large,229,961,7.9,4.4,27.7,7,4.3,10,1.06,0.42,586,2457,20.2,11.2,70.7,18,10.9,25.5,2.7,1.06,0.29,0.29,0.56,0.27,0.2,0.36,0.51,0.45,0.44
Four Vegi,Stuffed Crust,Medium,241,1010,8.9,4.6,29.3,7.2,4.2,9,1.11,0.44,568,2383,21.1,10.9,69.3,17,9.9,21.2,2.62,1.03,0.28,0.3,0.55,0.27,0.19,0.33,0.42,0.44,0.43
Four Vegi,Thin & Crispy Crust,Large,258,1082,9.6,4.8,32.6,6.6,2.6,9.5,0.98,0.39,393,1650,14.6,7.4,49.7,10,3.9,14.6,1.5,0.59,0.2,0.21,0.37,0.19,0.11,0.13,0.29,0.25,0.25
Four Vegi,Thin & Crispy Crust,Medium,269,1130,9.9,5,32.9,6.5,2.4,11.3,1.39,0.55,365,1529,13.4,6.8,44.6,8.7,3.3,15.3,1.88,0.74,0.18,0.19,0.34,0.17,0.1,0.11,0.31,0.31,0.31
Full House,Classic Crust,Large,245,1032,9.1,4.2,28.5,6.2,1.8,11.8,1.26,0.5,633,2661,23.4,10.9,73.5,16,4.8,30.5,3.26,1.28,0.32,0.33,0.55,0.28,0.18,0.16,0.61,0.54,0.53
Full House,Classic Crust,Medium,253,1062,9.8,4.7,29.6,6.3,2,10.9,1.25,0.49,568,2385,21.9,10.5,66.5,14.1,4.5,24.5,2.81,1.11,0.28,0.31,0.52,0.26,0.16,0.15,0.49,0.47,0.46
Full House,Classic Crust,Small,228,954,8.3,4,26,4.1,2.1,11.6,1.13,0.44,1043,4359,38,18.4,118.6,18.8,9.6,52.9,5.16,2.03,0.52,0.54,0.92,0.46,0.21,0.32,1.06,0.86,0.85
Full House,Classic Crust,Personal,278,1169,9.4,4.3,36.9,5.8,1.9,10.7,1.4,0.55,623,2622,21.1,9.6,82.8,13,4.2,24,3.15,1.24,0.31,0.3,0.48,0.32,0.14,0.14,0.48,0.52,0.52
Full House,Italian Style Crust,Large,238,998,9.7,4.6,23.7,6.9,1.9,13.3,1.29,0.51,523,2195,21.3,10.1,52,15.1,4.2,29.3,2.84,1.12,0.26,0.3,0.5,0.2,0.17,0.14,0.59,0.47,0.47
Full House,Italian Style Crust,Medium,238,996,9.8,4.6,24,6.6,2.1,12.6,1.32,0.52,459,1926,18.9,8.9,46.5,12.8,4,24.3,2.55,1,0.23,0.27,0.44,0.18,0.14,0.13,0.49,0.42,0.42
Full House,Italian Style Crust,Small,254,1065,10.1,4.9,28.5,3.8,1.8,11.7,1.36,0.54,913,3833,36.4,17.7,102.5,13.7,6.5,42,4.9,1.93,0.46,0.52,0.88,0.39,0.15,0.22,0.84,0.82,0.8
Full House,Stuffed Crust,Large,231,967,9.3,4.8,24.3,6.4,3.6,10.8,1.19,0.47,680,2848,27.5,14.1,71.5,18.9,10.6,31.8,3.5,1.38,0.34,0.39,0.7,0.28,0.21,0.35,0.64,0.58,0.57
Full House,Stuffed Crust,Medium,242,1012,10.3,5,25.6,6.5,3.5,10,1.25,0.49,657,2753,28.1,13.6,69.7,17.7,9.5,27.2,3.4,1.34,0.33,0.4,0.68,0.27,0.2,0.32,0.54,0.57,0.56
Full House,Thin & Crispy Crust,Large,255,1067,11.4,5.3,26.4,5.7,1.8,10.9,1.2,0.47,487,2041,21.9,10.2,50.5,10.9,3.5,20.8,2.29,0.9,0.24,0.31,0.51,0.19,0.12,0.12,0.42,0.38,0.38
Full House,Thin & Crispy Crust,Medium,264,1107,11.9,5.6,26.2,5.5,1.7,12.5,1.55,0.61,454,1900,20.4,9.6,45,9.5,2.9,21.4,2.65,1.04,0.23,0.29,0.48,0.17,0.11,0.1,0.43,0.44,0.43
Ham & Pineapple,Classic Crust,Large,244,1027,7.4,3.7,31.3,7.2,1.8,12.1,1.31,0.52,551,2323,16.7,8.3,70.9,16.2,4.1,27.5,2.97,1.17,0.28,0.24,0.42,0.27,0.18,0.14,0.55,0.5,0.49
Ham & Pineapple,Classic Crust,Medium,250,1052,7.9,4.1,32.7,7.3,2,11.1,1.3,0.51,492,2068,15.5,8,64.2,14.4,4,21.8,2.56,1.01,0.25,0.22,0.4,0.25,0.16,0.13,0.44,0.43,0.42
Ham & Pineapple,Classic Crust,Small,221,924,6.3,3.3,28.2,4.7,2.1,11.8,1.15,0.45,893,3738,25.4,13.5,114.2,19.2,8.6,47.8,4.65,1.83,0.45,0.36,0.68,0.44,0.21,0.29,0.96,0.78,0.76
Ham & Pineapple,Classic Crust,Personal,277,1170,6.9,3.4,42.8,7.1,2,10.3,1.36,0.53,522,2204,12.9,6.4,80.5,13.3,3.7,19.3,2.56,1,0.26,0.18,0.32,0.31,0.15,0.12,0.39,0.43,0.42
Ham & Pineapple,Italian Style Crust,Large,235,986,7.8,4,26.3,8.2,1.9,13.9,1.36,0.53,442,1857,14.7,7.5,49.5,15.4,3.6,26.2,2.56,1.01,0.22,0.21,0.38,0.19,0.17,0.12,0.52,0.43,0.42
Ham & Pineapple,Italian Style Crust,Medium,232,973,7.6,3.9,26.7,7.9,2.1,13.1,1.39,0.54,383,1609,12.5,6.5,44.2,13.1,3.4,21.6,2.29,0.9,0.19,0.18,0.32,0.17,0.15,0.11,0.43,0.38,0.38
Ham & Pineapple,Italian Style Crust,Small,248,1044,7.7,4.2,31.9,4.6,1.8,12,1.43,0.56,763,3211,23.8,12.8,98.2,14.2,5.4,36.8,4.39,1.73,0.38,0.34,0.64,0.38,0.16,0.18,0.74,0.73,0.72
Ham & Pineapple,Stuffed Crust,Large,228,955,7.9,4.4,26.2,7.3,3.8,11,1.22,0.48,599,2510,20.8,11.5,69,19.2,9.9,28.8,3.21,1.26,0.3,0.3,0.57,0.27,0.21,0.33,0.58,0.54,0.52
Ham & Pineapple,Stuffed Crust,Medium,238,998,8.9,4.6,27.6,7.4,3.7,10.1,1.29,0.51,581,2437,21.7,11.2,67.4,18,9,24.5,3.14,1.23,0.29,0.31,0.56,0.26,0.2,0.3,0.49,0.52,0.51
Ham & Pineapple,Thin & Crispy Crust,Large,254,1066,9.5,4.8,30,7,1.8,11.2,1.26,0.5,406,1703,15.2,7.6,47.9,11.2,2.9,17.8,2.01,0.79,0.2,0.22,0.38,0.18,0.12,0.1,0.36,0.34,0.33
Ham & Pineapple,Thin & Crispy Crust,Medium,263,1103,9.8,4.9,29.8,6.8,1.6,13,1.67,0.66,377,1583,14,7.1,42.8,9.8,2.3,18.7,2.39,0.94,0.19,0.2,0.36,0.16,0.11,0.08,0.37,0.4,0.39
Hawaiian,Classic Crust,Large,229,966,6.9,3.4,29.3,6.7,1.8,11.6,1.23,0.48,556,2341,16.8,8.3,71,16.3,4.3,28.2,2.98,1.17,0.28,0.24,0.42,0.27,0.18,0.14,0.56,0.5,0.49
Hawaiian,Classic Crust,Medium,235,989,7.4,3.8,30.5,6.8,2,10.7,1.21,0.48,496,2084,15.6,8,64.3,14.4,4.2,22.5,2.56,1.01,0.25,0.22,0.4,0.25,0.16,0.14,0.45,0.43,0.42
Hawaiian,Classic Crust,Small,209,876,5.9,3.1,26.6,4.5,2.1,11.4,1.08,0.43,900,3766,25.5,13.5,114.3,19.3,8.9,48.9,4.66,1.83,0.45,0.36,0.68,0.44,0.21,0.3,0.98,0.78,0.76
Hawaiian,Classic Crust,Personal,262,1104,6.5,3.2,40.1,6.6,1.9,9.9,1.27,0.5,526,2218,13,6.5,80.6,13.3,3.9,19.9,2.56,1.01,0.26,0.19,0.32,0.31,0.15,0.13,0.4,0.43,0.42
Hawaiian,Italian Style Crust,Large,219,918,7.2,3.7,24.2,7.6,1.9,13.2,1.26,0.49,446,1875,14.8,7.5,49.5,15.5,3.8,27,2.56,1.01,0.22,0.21,0.38,0.19,0.17,0.13,0.54,0.43,0.42
Hawaiian,Italian Style Crust,Medium,216,905,7,3.6,24.7,7.3,2,12.4,1.28,0.5,387,1624,12.6,6.5,44.2,13.1,3.6,22.2,2.29,0.9,0.19,0.18,0.32,0.17,0.15,0.12,0.44,0.38,0.38
Hawaiian,Italian Style Crust,Small,231,973,7.2,3.8,29.5,4.3,1.7,11.4,1.32,0.52,770,3239,23.9,12.8,98.3,14.2,5.7,38,4.4,1.73,0.38,0.34,0.64,0.38,0.16,0.19,0.76,0.73,0.72
Hawaiian,Stuffed Crust,Large,216,907,7.5,4.1,24.8,6.9,3.6,10.6,1.16,0.45,603,2528,20.9,11.5,69,19.2,10.1,29.5,3.22,1.27,0.3,0.3,0.57,0.27,0.21,0.34,0.59,0.54,0.53
Hawaiian,Stuffed Crust,Medium,226,950,8.4,4.3,26.1,7,3.5,9.7,1.22,0.48,585,2452,21.8,11.2,67.5,18.1,9.2,25.2,3.14,1.24,0.29,0.31,0.56,0.26,0.2,0.31,0.5,0.52,0.52
Hawaiian,Thin & Crispy Crust,Large,233,979,8.7,4.4,27.3,6.4,1.8,10.5,1.15,0.45,410,1721,15.3,7.7,48,11.2,3.1,18.5,2.02,0.79,0.2,0.22,0.38,0.18,0.12,0.1,0.37,0.34,0.33
Hawaiian,Thin & Crispy Crust,Medium,242,1014,9,4.5,27.2,6.2,1.6,12.3,1.52,0.6,381,1598,14.1,7.1,42.8,9.8,2.5,19.3,2.4,0.94,0.19,0.2,0.36,0.16,0.11,0.08,0.39,0.4,0.39
Hot & Spicy,Classic Crust,Large,247,1042,8.2,4,31.1,6.4,2,11.4,1.35,0.53,557,2344,18.5,9.1,70,14.5,4.6,25.6,3.03,1.19,0.28,0.26,0.45,0.27,0.16,0.15,0.51,0.5,0.5
Hot & Spicy,Classic Crust,Medium,256,1076,8.8,4.5,32.9,6.6,2.3,10.2,1.31,0.52,492,2069,17,8.6,63.3,12.8,4.4,19.6,2.53,0.99,0.25,0.24,0.43,0.24,0.14,0.15,0.39,0.42,0.41
Hot & Spicy,Classic Crust,Small,223,931,7.1,3.7,27.9,4.1,2.4,10.8,1.16,0.45,772,3228,24.5,12.8,96.7,14.2,8.2,37.5,4.01,1.58,0.39,0.35,0.64,0.37,0.16,0.27,0.75,0.67,0.66
Hot & Spicy,Classic Crust,Personal,286,1208,7.8,3.9,43.5,6.4,2.2,9.5,1.38,0.54,524,2209,14.3,7.1,79.6,11.7,4,17.5,2.53,0.99,0.26,0.2,0.36,0.31,0.13,0.13,0.35,0.42,0.41
Hot & Spicy,Italian Style Crust,Large,239,1004,8.8,4.4,26,7.3,2.2,13,1.4,0.55,447,1877,16.4,8.2,48.6,13.7,4.1,24.4,2.62,1.03,0.22,0.23,0.41,0.19,0.15,0.14,0.49,0.44,0.43
Hot & Spicy,Italian Style Crust,Medium,238,1000,8.7,4.4,26.9,7.1,2.4,12.1,1.4,0.55,384,1610,14,7.1,43.3,11.5,3.8,19.4,2.26,0.89,0.19,0.2,0.36,0.17,0.13,0.13,0.39,0.38,0.37
Hot & Spicy,Italian Style Crust,Small,257,1080,8.9,4.7,32.6,3.8,2.1,10.8,1.43,0.56,762,3205,26.4,13.9,96.6,11.3,6.2,32.2,4.23,1.66,0.38,0.38,0.7,0.37,0.13,0.21,0.64,0.7,0.69
Hot & Spicy,Stuffed Crust,Large,231,968,8.6,4.7,26,6.7,4,10.3,1.25,0.49,604,2531,22.6,12.3,68.1,17.4,10.4,26.9,3.27,1.29,0.3,0.32,0.62,0.26,0.19,0.35,0.54,0.55,0.54
Hot & Spicy,Stuffed Crust,Medium,242,1017,9.7,4.9,27.7,6.8,3.9,9.3,1.3,0.51,581,2437,23.1,11.8,66.5,16.4,9.4,22.3,3.11,1.22,0.29,0.33,0.59,0.26,0.18,0.31,0.45,0.52,0.51
Hot & Spicy,Thin & Crispy Crust,Large,260,1088,10.7,5.3,29.7,6,2.1,10.1,1.31,0.51,411,1723,17,8.4,47,9.4,3.4,15.9,2.07,0.81,0.21,0.24,0.42,0.18,0.1,0.11,0.32,0.34,0.34
Hot & Spicy,Thin & Crispy Crust,Medium,271,1138,11.1,5.5,30.1,5.9,2,11.8,1.7,0.67,378,1584,15.5,7.7,41.9,8.2,2.8,16.5,2.37,0.93,0.19,0.22,0.38,0.16,0.09,0.09,0.33,0.4,0.39
House Special Tandoori Chicken,Classic Crust,Large,272,1140,11.9,5.2,26.6,5.3,1.6,13.9,1.51,0.59,724,3042,31.7,13.7,70.9,14.3,4.3,37,4.03,1.58,0.36,0.45,0.68,0.27,0.16,0.14,0.74,0.67,0.66
House Special Tandoori Chicken,Classic Crust,Medium,281,1179,12.8,5.6,27.6,5.4,1.8,13.1,1.52,0.6,655,2748,29.9,13.1,64.2,12.6,4.2,30.5,3.53,1.39,0.33,0.43,0.66,0.25,0.14,0.14,0.61,0.59,0.58
House Special Tandoori Chicken,Classic Crust,Small,256,1069,11.3,4.9,24.3,3.4,1.9,13.4,1.37,0.54,1200,5010,52.8,22.8,114.1,15.8,8.9,62.9,6.44,2.53,0.6,0.75,1.14,0.44,0.18,0.3,1.26,1.07,1.05
House Special Tandoori Chicken,Classic Crust,Personal,311,1307,13.2,5.1,34.7,5,1.7,12.5,1.68,0.66,720,3026,30.7,11.9,80.5,11.5,3.9,28.9,3.89,1.53,0.36,0.44,0.6,0.31,0.13,0.13,0.58,0.65,0.64
House Special Tandoori Chicken,Italian Style Crust,Large,269,1126,13,5.6,21.6,5.9,1.7,15.6,1.58,0.62,615,2575,29.7,12.9,49.4,13.4,3.8,35.8,3.61,1.42,0.31,0.42,0.64,0.19,0.15,0.13,0.72,0.6,0.59
House Special Tandoori Chicken,Italian Style Crust,Medium,271,1134,13.3,5.7,21.9,5.6,1.8,15,1.62,0.64,547,2288,26.9,11.6,44.2,11.3,3.6,30.3,3.27,1.28,0.27,0.38,0.58,0.17,0.13,0.12,0.61,0.55,0.53
House Special Tandoori Chicken,Italian Style Crust,Small,288,1207,13.8,5.9,26.4,2.9,1.5,14,1.66,0.65,1070,4484,51.3,22.1,98,10.8,5.8,51.9,6.18,2.43,0.54,0.73,1.1,0.38,0.12,0.19,1.04,1.03,1.01
House Special Tandoori Chicken,Stuffed Crust,Large,254,1065,11.8,5.6,22.7,5.7,3.3,12.6,1.41,0.55,772,3229,35.8,17,69,17.2,10.2,38.3,4.27,1.68,0.39,0.51,0.85,0.27,0.19,0.34,0.77,0.71,0.7
House Special Tandoori Chicken,Stuffed Crust,Medium,265,1111,12.8,5.8,24,5.8,3.3,11.8,1.47,0.58,744,3116,36,16.3,67.5,16.2,9.2,33.2,4.12,1.62,0.37,0.51,0.82,0.26,0.18,0.31,0.66,0.69,0.68
House Special Tandoori Chicken,Thin & Crispy Crust,Large,289,1209,15.1,6.5,23.9,4.6,1.6,13.6,1.53,0.6,579,2421,30.2,13.1,47.9,9.2,3.1,27.3,3.06,1.21,0.29,0.43,0.66,0.18,0.1,0.1,0.55,0.51,0.5
House Special Tandoori Chicken,Thin & Crispy Crust,Medium,301,1257,15.8,6.8,23.8,4.4,1.4,15.2,1.87,0.74,541,2262,28.4,12.2,42.8,8,2.5,27.4,3.37,1.33,0.27,0.41,0.61,0.16,0.09,0.08,0.55,0.56,0.55
Meateor,Classic Crust,Large,309,1290,16.6,7.4,27.6,11.3,1.7,11.4,1.62,0.64,747,3126,40.1,17.9,66.9,27.3,4.2,27.5,3.93,1.55,0.37,0.57,0.89,0.26,0.3,0.14,0.55,0.66,0.65
Meateor,Classic Crust,Medium,322,1354,13.9,6,34,10.5,1.8,14.5,1.63,0.64,685,2876,29.6,12.7,72.3,22.3,3.8,30.8,3.47,1.37,0.34,0.42,0.64,0.28,0.25,0.13,0.62,0.58,0.57
Meateor,Classic Crust,Small,322,1351,15,6.1,33.7,10.2,1.4,12.5,1.88,0.74,1187,4979,55.2,22.4,124,37.6,5,46.2,6.93,2.73,0.59,0.79,1.12,0.48,0.42,0.17,0.92,1.16,1.14
Meateor,Classic Crust,Personal,346,1451,15,5.8,38.1,10.1,1.6,13.9,1.99,0.78,779,3268,33.7,13,85.8,22.7,3.6,31.3,4.48,1.76,0.39,0.48,0.65,0.33,0.25,0.12,0.63,0.75,0.73
Meateor,Italian Style Crust,Large,318,1336,13.9,5.6,36.4,13.4,1.7,11,1.95,0.77,650,2727,28.4,11.5,74.4,27.4,3.6,22.5,3.98,1.56,0.32,0.41,0.57,0.29,0.3,0.12,0.45,0.66,0.65
Meateor,Italian Style Crust,Medium,313,1314,13.6,5.6,35.5,13.8,2.2,11.1,2,0.79,700,2940,30.4,12.5,79.4,30.8,4.8,24.9,4.47,1.76,0.35,0.43,0.62,0.31,0.34,0.16,0.5,0.74,0.73
Meateor,Italian Style Crust,Small,305,1272,14.8,6.2,29.4,10.7,1.6,12.7,1.88,0.74,1042,4349,50.7,21.2,100.5,36.6,5.5,43.5,6.42,2.53,0.52,0.72,1.06,0.39,0.41,0.18,0.87,1.07,1.05
Meateor,Stuffed Crust,Large,310,1302,14,6.5,29.6,9,2.3,15.4,1.88,0.74,865,3630,39.1,18.3,82.4,25.1,6.5,42.8,5.24,2.06,0.43,0.56,0.92,0.32,0.28,0.22,0.86,0.87,0.86
Meateor,Stuffed Crust,Medium,307,1285,13.8,6.2,29.1,9.5,3.6,14.7,1.72,0.68,798,3340,35.9,16,75.6,24.8,9.2,38.3,4.48,1.76,0.4,0.51,0.8,0.29,0.28,0.31,0.77,0.75,0.73
Meateor,Thin & Crispy Crust,Large,331,1387,16.6,6.8,29.6,12,2.6,14.5,1.97,0.77,581,2435,29.2,11.9,51.9,21.1,4.6,25.5,3.46,1.36,0.29,0.42,0.6,0.2,0.23,0.15,0.51,0.58,0.57
Meateor,Thin & Crispy Crust,Medium,337,1410,17.2,6.9,31.8,11.7,2.6,12.4,2.04,0.8,537,2247,27.5,11,50.7,18.7,4.2,19.7,3.25,1.28,0.27,0.39,0.55,0.2,0.21,0.14,0.39,0.54,0.53
Meatilicious,Classic Crust,Large,285,1197,11.1,4.5,30.4,6,1.8,15,1.55,0.61,648,2729,25.2,10.2,69.3,13.6,4.1,34.3,3.52,1.38,0.32,0.36,0.51,0.27,0.15,0.14,0.69,0.59,0.57
Meatilicious,Classic Crust,Medium,295,1238,12,5,31.6,6,2,14.1,1.55,0.61,585,2456,23.8,9.8,62.8,12,4,28,3.07,1.21,0.29,0.34,0.49,0.24,0.13,0.13,0.56,0.51,0.5
Meatilicious,Classic Crust,Small,263,1101,10.3,4.2,27.1,3.6,2.1,14.6,1.39,0.55,1084,4536,42.4,17.2,111.8,14.8,8.6,60,5.71,2.24,0.54,0.61,0.86,0.43,0.16,0.29,1.2,0.95,0.93
Meatilicious,Classic Crust,Personal,319,1343,12.1,4.3,38.2,5.3,1.8,13.6,1.72,0.68,664,2796,25.2,9,79.5,11.1,3.7,28.2,3.58,1.41,0.33,0.36,0.45,0.31,0.12,0.12,0.56,0.6,0.59
Meatilicious,Italian Style Crust,Large,284,1191,12.2,4.9,25.2,6.7,1.9,17.4,1.64,0.64,539,2262,23.1,9.3,47.9,12.8,3.6,33.1,3.11,1.22,0.27,0.33,0.46,0.18,0.14,0.12,0.66,0.52,0.51
Meatilicious,Italian Style Crust,Medium,285,1195,12.4,5,25.6,6.4,2.1,16.6,1.68,0.66,476,1997,20.8,8.3,42.8,10.6,3.4,27.8,2.8,1.1,0.24,0.3,0.42,0.16,0.12,0.11,0.56,0.47,0.46
Meatilicious,Italian Style Crust,Small,303,1273,13,5.2,30.4,3.1,1.7,15.6,1.73,0.68,954,4009,40.8,16.5,95.7,9.7,5.4,49,5.45,2.14,0.48,0.58,0.82,0.37,0.11,0.18,0.98,0.91,0.89
Meatilicious,Stuffed Crust,Large,263,1103,11.1,5.1,25.5,6.2,3.8,13.5,1.42,0.56,696,2915,29.3,13.4,67.4,16.5,9.9,35.6,3.76,1.48,0.35,0.42,0.67,0.26,0.18,0.33,0.71,0.63,0.62
Meatilicious,Stuffed Crust,Medium,274,1149,12.2,5.3,26.8,6.4,3.6,12.5,1.49,0.58,673,2823,29.9,13,66,15.6,9,30.7,3.65,1.44,0.34,0.43,0.65,0.25,0.17,0.3,0.61,0.61,0.6
Meatilicious,Thin & Crispy Crust,Large,312,1307,14.7,5.9,28.7,5.3,1.8,15.3,1.59,0.62,496,2081,23.4,9.4,45.8,8.4,2.9,24.3,2.52,0.99,0.25,0.33,0.47,0.18,0.09,0.1,0.49,0.42,0.41
Meatilicious,Thin & Crispy Crust,Medium,324,1356,15.3,6.1,28.5,5.1,1.6,17.1,2,0.79,470,1970,22.3,8.9,41.3,7.4,2.3,24.9,2.91,1.14,0.24,0.32,0.44,0.16,0.08,0.08,0.5,0.49,0.48
Meat Lovers,Classic Crust,Large,287,1207,12.4,5,29.3,5.7,1.8,13.8,1.67,0.66,676,2841,29.1,11.8,68.9,13.5,4.2,32.6,3.93,1.55,0.34,0.42,0.59,0.26,0.15,0.14,0.65,0.66,0.65
Meat Lovers,Classic Crust,Medium,297,1247,13.4,5.5,30.3,5.8,1.9,12.9,1.69,0.66,612,2565,27.5,11.4,62.4,11.9,4,26.6,3.47,1.37,0.31,0.39,0.57,0.24,0.13,0.13,0.53,0.58,0.57
Meat Lovers,Classic Crust,Small,267,1115,11.6,4.7,26.1,3.4,2,13.5,1.53,0.6,1135,4742,49.5,20.1,110.9,14.6,8.7,57.3,6.49,2.55,0.57,0.71,1.01,0.43,0.16,0.29,1.15,1.08,1.06
Meat Lovers,Classic Crust,Personal,324,1364,12.5,4.5,40.1,5.6,1.9,11.9,1.7,0.67,637,2680,24.6,8.9,78.8,11,3.7,23.3,3.34,1.31,0.32,0.35,0.44,0.3,0.12,0.12,0.47,0.56,0.55
Meat Lovers,Italian Style Crust,Large,287,1203,13.7,5.6,24,6.4,1.8,15.9,1.78,0.7,567,2374,27.1,11,47.5,12.7,3.6,31.4,3.52,1.38,0.28,0.39,0.55,0.18,0.14,0.12,0.63,0.59,0.57
Meat Lovers,Italian Style Crust,Medium,288,1208,14,5.6,24.3,6.1,2,15.1,1.84,0.72,503,2106,24.5,9.8,42.4,10.6,3.5,26.4,3.2,1.26,0.25,0.35,0.49,0.16,0.12,0.12,0.53,0.53,0.52
Meat Lovers,Italian Style Crust,Small,306,1284,14.6,5.9,28.9,2.9,1.7,14.1,1.9,0.75,1005,4215,47.9,19.4,94.8,9.6,5.5,46.3,6.24,2.45,0.5,0.68,0.97,0.36,0.11,0.18,0.93,1.04,1.02
Meat Lovers,Stuffed Crust,Large,266,1113,12.2,5.5,24.6,6,3.7,12.5,1.53,0.6,723,3028,33.2,15,67,16.4,10,33.9,4.17,1.64,0.36,0.47,0.75,0.26,0.18,0.33,0.68,0.7,0.68
Meat Lovers,Stuffed Crust,Medium,277,1159,13.3,5.7,25.9,6.1,3.6,11.6,1.6,0.63,700,2934,33.6,14.5,65.6,15.6,9,29.3,4.06,1.59,0.35,0.48,0.72,0.25,0.17,0.3,0.59,0.68,0.66
Meat Lovers,Thin & Crispy Crust,Large,314,1315,16.4,6.6,27.2,5,1.7,13.6,1.76,0.69,530,2220,27.6,11.2,45.9,8.5,2.9,22.9,2.97,1.17,0.26,0.39,0.56,0.18,0.09,0.1,0.46,0.5,0.49
Meat Lovers,Thin & Crispy Crust,Medium,326,1363,17,6.9,26.8,4.8,1.6,15.4,2.17,0.85,497,2080,26,10.5,41,7.3,2.4,23.5,3.31,1.3,0.25,0.37,0.52,0.16,0.08,0.08,0.47,0.55,0.54
Meatzza Pizza,Classic Crust,Large,282,1183,11.6,5.3,29.5,5.8,1.8,14.1,1.64,0.65,664,2789,27.2,12.5,69.6,13.6,4.2,33.2,3.87,1.52,0.33,0.39,0.62,0.27,0.15,0.14,0.66,0.64,0.63
Meatzza Pizza,Classic Crust,Medium,291,1221,12.5,5.8,30.5,5.8,1.9,13.2,1.66,0.65,600,2516,25.7,12,63,12,4,27.2,3.42,1.34,0.3,0.37,0.6,0.24,0.13,0.13,0.54,0.57,0.56
Meatzza Pizza,Classic Crust,Small,261,1088,10.7,5.1,26.4,3.5,2,13.7,1.49,0.59,1108,4629,45.5,21.5,112.2,14.8,8.7,58.3,6.35,2.5,0.55,0.65,1.07,0.43,0.16,0.29,1.17,1.06,1.04
Meatzza Pizza,Classic Crust,Personal,315,1324,11,5,40.9,5.7,1.9,12.2,1.64,0.65,612,2577,21.3,9.8,79.6,11.1,3.8,23.8,3.19,1.26,0.31,0.3,0.49,0.31,0.12,0.13,0.48,0.53,0.52
Meatzza Pizza,Italian Style Crust,Large,280,1174,12.7,5.9,24.3,6.5,1.8,16.2,1.75,0.69,554,2319,25.2,11.7,48.1,12.8,3.6,31.9,3.45,1.36,0.28,0.36,0.58,0.18,0.14,0.12,0.64,0.58,0.57
Meatzza Pizza,Italian Style Crust,Medium,281,1177,13,6,24.6,6.1,2,15.4,1.8,0.71,492,2060,22.7,10.5,43,10.7,3.5,27,3.15,1.24,0.25,0.32,0.52,0.17,0.12,0.12,0.54,0.52,0.52
Meatzza Pizza,Italian Style Crust,Small,298,1249,13.4,6.3,29.3,3,1.7,14.4,1.86,0.73,979,4103,43.9,20.8,96.1,9.7,5.5,47.4,6.09,2.4,0.49,0.63,1.04,0.37,0.11,0.18,0.95,1.01,1
Meatzza Pizza,Stuffed Crust,Large,261,1093,11.5,5.8,24.8,6.1,3.7,12.7,1.51,0.59,710,2972,31.3,15.7,67.6,16.5,10,34.5,4.1,1.61,0.36,0.45,0.78,0.26,0.18,0.33,0.69,0.68,0.67
Meatzza Pizza,Stuffed Crust,Medium,272,1138,12.6,6,26.1,6.2,3.6,11.8,1.58,0.62,690,2888,31.9,15.2,66.3,15.6,9,29.9,4,1.57,0.34,0.46,0.76,0.26,0.17,0.3,0.6,0.67,0.65
Meatzza Pizza,Thin & Crispy Crust,Large,306,1282,15.2,7,27.5,5,1.7,13.9,1.72,0.68,518,2166,25.7,11.8,46.5,8.5,3,23.5,2.9,1.14,0.26,0.37,0.59,0.18,0.09,0.1,0.47,0.48,0.48
Meatzza Pizza,Thin & Crispy Crust,Medium,317,1327,15.8,7.3,27.1,4.8,1.6,15.7,2.13,0.84,486,2034,24.2,11.2,41.6,7.4,2.4,24.1,3.26,1.28,0.24,0.35,0.56,0.16,0.08,0.08,0.48,0.54,0.53
Mexican Hot,Classic Crust,Large,268,1126,11.3,5.6,28.5,6,1.8,12.5,1.56,0.62,658,2762,27.6,13.7,69.8,14.6,4.4,30.6,3.83,1.51,0.33,0.39,0.68,0.27,0.16,0.15,0.61,0.64,0.63
Mexican Hot,Classic Crust,Medium,279,1168,12.2,6.2,29.7,6.1,2,11.5,1.56,0.62,591,2477,25.9,13.1,63.1,12.9,4.2,24.4,3.32,1.31,0.3,0.37,0.66,0.24,0.14,0.14,0.49,0.55,0.55
Mexican Hot,Classic Crust,Small,250,1045,10.4,5.3,26.2,3.9,2.1,12,1.39,0.55,1074,4482,44.6,22.8,112.3,16.5,9.1,51.7,5.98,2.35,0.54,0.64,1.14,0.43,0.18,0.3,1.03,1,0.98
Mexican Hot,Classic Crust,Personal,302,1270,10.4,5.2,40.6,6,2,10.6,1.56,0.61,590,2482,20.3,10.2,79.3,11.8,3.9,20.7,3.05,1.2,0.3,0.29,0.51,0.3,0.13,0.13,0.41,0.51,0.5
Mexican Hot,Italian Style Crust,Large,265,1108,12.3,6.2,23.3,6.7,1.9,14.2,1.65,0.65,548,2295,25.6,12.9,48.3,13.8,3.9,29.4,3.42,1.34,0.27,0.37,0.64,0.19,0.15,0.13,0.59,0.57,0.56
Mexican Hot,Italian Style Crust,Medium,267,1116,12.6,6.4,23.8,6.4,2,13.4,1.69,0.66,482,2018,22.9,11.6,43.1,11.6,3.7,24.2,3.05,1.2,0.24,0.33,0.58,0.17,0.13,0.12,0.48,0.51,0.5
Mexican Hot,Italian Style Crust,Small,284,1192,12.9,6.6,29,3.5,1.8,12.3,1.72,0.68,944,3956,43,22.1,96.3,11.5,5.9,40.7,5.72,2.25,0.47,0.61,1.1,0.37,0.13,0.2,0.81,0.95,0.94
Mexican Hot,Stuffed Crust,Large,250,1047,11.3,6,24.1,6.2,3.6,11.3,1.45,0.57,705,2948,31.7,16.9,67.8,17.6,10.3,31.9,4.07,1.6,0.35,0.45,0.84,0.26,0.2,0.34,0.64,0.68,0.67
Mexican Hot,Stuffed Crust,Medium,262,1096,12.3,6.3,25.5,6.4,3.6,10.5,1.5,0.59,680,2845,32,16.2,66.3,16.6,9.2,27.2,3.9,1.53,0.34,0.46,0.81,0.26,0.18,0.31,0.54,0.65,0.64
Mexican Hot,Thin & Crispy Crust,Large,287,1199,14.6,7.3,26.2,5.4,1.8,11.7,1.61,0.63,512,2141,26.1,13.1,46.8,9.6,3.2,20.9,2.87,1.13,0.26,0.37,0.66,0.18,0.11,0.11,0.42,0.48,0.47
Mexican Hot,Thin & Crispy Crust,Medium,300,1252,15.3,7.7,26.2,5.2,1.6,13.4,1.98,0.78,477,1992,24.4,12.2,41.7,8.3,2.6,21.3,3.16,1.24,0.24,0.35,0.61,0.16,0.09,0.09,0.43,0.53,0.52
Mighty Meaty,Classic Crust,Large,263,1103,10.7,4.9,27.5,5.6,1.8,13.2,1.52,0.6,674,2833,27.6,12.7,70.5,14.3,4.5,34,3.91,1.54,0.34,0.39,0.64,0.27,0.16,0.15,0.68,0.65,0.64
Mighty Meaty,Classic Crust,Medium,271,1136,11.6,5.4,28.4,5.6,1.9,12.4,1.54,0.6,610,2556,26,12.2,63.8,12.6,4.3,28,3.46,1.36,0.3,0.37,0.61,0.25,0.14,0.14,0.56,0.58,0.57
Mighty Meaty,Classic Crust,Small,244,1021,10,4.7,24.8,3.5,2,13,1.39,0.55,1124,4692,45.9,21.6,113.8,16,9.3,59.6,6.39,2.51,0.56,0.66,1.08,0.44,0.18,0.31,1.19,1.06,1.05
Mighty Meaty,Classic Crust,Personal,295,1240,10.3,4.7,38.1,5.5,1.9,11.6,1.53,0.6,621,2613,21.7,9.9,80.3,11.6,4,24.5,3.23,1.27,0.31,0.31,0.5,0.31,0.13,0.13,0.49,0.54,0.53
Mighty Meaty,Italian Style Crust,Large,258,1082,11.7,5.4,22.4,6.2,1.8,15,1.6,0.63,565,2366,25.5,11.8,49.1,13.5,4,32.8,3.5,1.38,0.28,0.36,0.59,0.19,0.15,0.13,0.66,0.58,0.57
Mighty Meaty,Italian Style Crust,Medium,259,1083,11.9,5.5,22.6,5.8,2,14.3,1.65,0.65,501,2097,23,10.6,43.8,11.3,3.8,27.8,3.19,1.25,0.25,0.33,0.53,0.17,0.13,0.13,0.56,0.53,0.52
Mighty Meaty,Italian Style Crust,Small,274,1149,12.2,5.8,27,3,1.7,13.4,1.69,0.67,994,4166,44.3,20.9,97.8,11,6.1,48.6,6.14,2.41,0.5,0.63,1.04,0.38,0.12,0.2,0.97,1.02,1
Mighty Meaty,Stuffed Crust,Large,246,1030,10.8,5.4,23.4,5.9,3.5,12.1,1.42,0.56,721,3020,31.7,15.9,68.6,17.2,10.3,35.4,4.15,1.63,0.36,0.45,0.8,0.26,0.19,0.34,0.71,0.69,0.68
Mighty Meaty,Stuffed Crust,Medium,256,1073,11.8,5.6,24.6,6,3.4,11.3,1.48,0.58,698,2924,32.2,15.3,67.1,16.3,9.3,30.7,4.04,1.59,0.35,0.46,0.76,0.26,0.18,0.31,0.61,0.67,0.66
Mighty Meaty,Thin & Crispy Crust,Large,278,1163,13.7,6.3,25,4.9,1.7,12.8,1.55,0.61,529,2212,26.1,12,47.6,9.3,3.3,24.4,2.95,1.16,0.26,0.37,0.6,0.18,0.1,0.11,0.49,0.49,0.48
Mighty Meaty,Thin & Crispy Crust,Medium,288,1204,14.3,6.6,24.7,4.7,1.6,14.4,1.92,0.75,495,2071,24.5,11.3,42.4,8,2.7,24.8,3.29,1.3,0.25,0.35,0.57,0.16,0.09,0.09,0.5,0.55,0.54
Mixed Grill,Classic Crust,Large,257,1080,10.1,4.1,28.4,5.6,1.8,12.3,1.33,0.52,638,2686,25.1,10.1,70.7,14,4.4,30.5,3.3,1.3,0.32,0.36,0.5,0.27,0.16,0.15,0.61,0.55,0.54
Mixed Grill,Classic Crust,Medium,265,1113,10.9,4.5,29.5,5.7,1.9,11.4,1.31,0.52,577,2421,23.7,9.7,64.1,12.4,4.2,24.7,2.86,1.12,0.29,0.34,0.48,0.25,0.14,0.14,0.49,0.48,0.47
Mixed Grill,Classic Crust,Small,239,999,9.4,3.8,25.6,3.5,2,12,1.18,0.47,1069,4473,42.3,17,114.5,15.5,9.1,53.7,5.3,2.08,0.53,0.6,0.85,0.44,0.17,0.3,1.07,0.88,0.87
Mixed Grill,Classic Crust,Personal,292,1231,10.6,3.7,37.6,5.3,1.8,10.7,1.42,0.56,624,2629,22.7,8,80.4,11.4,3.9,22.8,3.03,1.19,0.31,0.32,0.4,0.31,0.13,0.13,0.46,0.5,0.5
Mixed Grill,Italian Style Crust,Large,251,1053,10.9,4.4,23.4,6.3,1.8,13.9,1.37,0.54,529,2219,23.1,9.2,49.3,13.2,3.9,29.3,2.88,1.13,0.26,0.33,0.46,0.19,0.15,0.13,0.59,0.48,0.47
Mixed Grill,Italian Style Crust,Medium,251,1053,11.1,4.4,23.7,5.9,2,13.2,1.39,0.55,468,1962,20.7,8.2,44.1,11,3.7,24.5,2.59,1.02,0.23,0.3,0.41,0.17,0.12,0.12,0.49,0.43,0.43
Mixed Grill,Italian Style Crust,Small,268,1125,11.6,4.6,28.1,3,1.7,12.2,1.44,0.57,940,3946,40.7,16.3,98.4,10.5,5.9,42.8,5.04,1.98,0.47,0.58,0.82,0.38,0.12,0.2,0.86,0.84,0.82
Mixed Grill,Stuffed Crust,Large,240,1007,10.2,4.7,24.1,5.9,3.6,11.2,1.24,0.49,685,2873,29.2,13.3,68.8,16.9,10.2,31.8,3.54,1.39,0.34,0.42,0.66,0.26,0.19,0.34,0.64,0.59,0.58
Mixed Grill,Stuffed Crust,Medium,251,1052,11.3,4.9,25.4,6,3.5,10.3,1.3,0.51,665,2789,29.9,12.9,67.4,16,9.2,27.4,3.44,1.35,0.33,0.43,0.64,0.26,0.18,0.31,0.55,0.57,0.56
Mixed Grill,Thin & Crispy Crust,Large,271,1134,13,5.2,26.2,4.9,1.7,11.5,1.28,0.5,493,2065,23.6,9.4,47.7,9,3.2,20.9,2.33,0.92,0.25,0.34,0.47,0.18,0.1,0.11,0.42,0.39,0.38
Mixed Grill,Thin & Crispy Crust,Medium,281,1177,13.5,5.4,26,4.7,1.6,13.1,1.64,0.64,462,1936,22.2,8.8,42.7,7.8,2.6,21.6,2.7,1.06,0.23,0.32,0.44,0.16,0.09,0.09,0.43,0.45,0.44
New Yorker,Classic Crust,Large,278,1167,11.5,4.7,29.5,5.8,1.8,13.2,1.59,0.63,644,2707,26.7,10.8,68.3,13.5,4.2,30.6,3.7,1.45,0.32,0.38,0.54,0.26,0.15,0.14,0.61,0.62,0.6
New Yorker,Classic Crust,Medium,288,1207,12.5,5.2,30.5,5.9,2,12.2,1.61,0.63,582,2444,25.3,10.4,61.8,11.9,4,24.8,3.26,1.28,0.29,0.36,0.52,0.24,0.13,0.13,0.5,0.54,0.53
New Yorker,Classic Crust,Small,258,1078,10.8,4.4,26.2,3.5,2.1,12.9,1.46,0.57,1081,4519,45.4,18.4,109.9,14.6,8.6,53.9,6.1,2.4,0.54,0.65,0.92,0.42,0.16,0.29,1.08,1.02,1
New Yorker,Classic Crust,Personal,316,1332,11.7,4.2,40.6,5.7,1.9,11.2,1.63,0.64,610,2568,22.6,8,78.3,10.9,3.7,21.6,3.14,1.24,0.3,0.32,0.4,0.3,0.12,0.12,0.43,0.52,0.52
New Yorker,Italian Style Crust,Large,276,1155,12.7,5.1,24.2,6.5,1.9,15.1,1.69,0.67,534,2240,24.6,9.9,46.9,12.6,3.6,29.3,3.28,1.29,0.27,0.35,0.5,0.18,0.14,0.12,0.59,0.55,0.54
New Yorker,Italian Style Crust,Medium,277,1160,13,5.2,24.4,6.2,2,14.4,1.75,0.69,474,1985,22.3,8.9,41.8,10.5,3.4,24.6,2.99,1.18,0.24,0.32,0.44,0.16,0.12,0.11,0.49,0.5,0.49
New Yorker,Italian Style Crust,Small,295,1240,13.6,5.5,29.1,3,1.7,13.3,1.81,0.71,951,3992,43.8,17.7,93.8,9.5,5.4,42.9,5.84,2.3,0.48,0.63,0.88,0.36,0.11,0.18,0.86,0.97,0.96
New Yorker,Stuffed Crust,Large,257,1078,11.5,5.2,24.7,6.1,3.7,11.9,1.47,0.58,691,2894,30.8,14,66.4,16.4,10,31.9,3.94,1.55,0.35,0.44,0.7,0.26,0.18,0.33,0.64,0.66,0.65
New Yorker,Stuffed Crust,Medium,269,1125,12.6,5.4,26,6.2,3.6,11,1.54,0.6,671,2811,31.4,13.6,65,15.5,9,27.5,3.84,1.51,0.34,0.45,0.68,0.25,0.17,0.3,0.55,0.64,0.63
New Yorker,Thin & Crispy Crust,Large,301,1262,15.2,6.1,27.4,5.1,1.8,12.6,1.65,0.65,498,2086,25.2,10.1,45.4,8.4,2.9,20.9,2.73,1.07,0.25,0.36,0.5,0.17,0.09,0.1,0.42,0.46,0.45
New Yorker,Thin & Crispy Crust,Medium,313,1311,15.9,6.4,27,4.9,1.6,14.5,2.07,0.82,468,1958,23.8,9.5,40.4,7.3,2.4,21.6,3.1,1.22,0.23,0.34,0.48,0.16,0.08,0.08,0.43,0.52,0.51
Original Cheese and Tomato,Classic Crust,Large,284,1195,10.3,5.5,33.5,6.7,2,13.4,1.31,0.52,580,2442,21.1,11.2,68.3,13.6,4,27.4,2.68,1.06,0.29,0.3,0.56,0.26,0.15,0.13,0.55,0.45,0.44
Original Cheese and Tomato,Classic Crust,Medium,296,1241,11.1,6,35.5,6.9,2.2,12.3,1.28,0.5,515,2161,19.4,10.5,61.8,12,3.8,21.4,2.22,0.87,0.26,0.28,0.52,0.24,0.13,0.13,0.43,0.37,0.36
Original Cheese and Tomato,Classic Crust,Small,259,1082,8.9,5,30.8,4.2,2.3,12.8,1.09,0.43,922,3852,31.6,17.6,109.8,14.8,8.3,45.5,3.87,1.52,0.46,0.45,0.88,0.42,0.16,0.28,0.91,0.64,0.63
Original Cheese and Tomato,Classic Crust,Personal,326,1372,9.3,4.9,48.4,6.8,2.2,11,1.34,0.53,526,2220,15.1,7.9,78.2,11,3.6,17.8,2.17,0.85,0.26,0.22,0.4,0.3,0.12,0.12,0.36,0.36,0.35
Original Cheese and Tomato,Italian Style Crust,Large,283,1188,11.5,6.2,28.2,7.7,2.1,15.8,1.37,0.54,471,1975,19,10.3,46.9,12.8,3.4,26.2,2.27,0.89,0.24,0.27,0.52,0.18,0.14,0.11,0.52,0.38,0.37
Original Cheese and Tomato,Italian Style Crust,Medium,284,1191,11.5,6.3,29.2,7.5,2.3,14.8,1.37,0.54,406,1702,16.4,9,41.8,10.7,3.3,21.1,1.96,0.77,0.2,0.23,0.45,0.16,0.12,0.11,0.42,0.33,0.32
Original Cheese and Tomato,Italian Style Crust,Small,300,1261,10.3,5.8,36.2,3.8,2,14.7,1.4,0.55,776,3264,26.7,15,93.7,9.8,5.2,38.1,3.62,1.42,0.39,0.38,0.75,0.36,0.11,0.17,0.76,0.6,0.59
Original Cheese and Tomato,Stuffed Crust,Large,261,1092,10.5,6,27.6,6.9,4.1,12,1.21,0.48,628,2628,25.2,14.4,66.4,16.6,9.8,28.8,2.92,1.15,0.31,0.36,0.72,0.26,0.18,0.33,0.58,0.49,0.48
Original Cheese and Tomato,Stuffed Crust,Medium,272,1141,11.5,6.2,29.3,7.1,4,10.9,1.27,0.5,604,2529,25.5,13.7,65,15.7,8.8,24.1,2.81,1.1,0.3,0.36,0.68,0.25,0.17,0.29,0.48,0.47,0.46
Original Cheese and Tomato,Thin & Crispy Crust,Large,316,1323,14.2,7.6,32.9,6.2,2,12.9,1.25,0.49,435,1821,19.6,10.5,45.4,8.6,2.7,17.8,1.72,0.68,0.22,0.28,0.52,0.17,0.1,0.09,0.36,0.29,0.28
Original Cheese and Tomato,Thin & Crispy Crust,Medium,331,1384,14.8,8,33.3,6.1,1.8,15,1.7,0.67,400,1676,17.9,9.6,40.4,7.4,2.2,18.2,2.06,0.81,0.2,0.26,0.48,0.16,0.08,0.07,0.36,0.34,0.34
Pepperoni Passion,Classic Crust,Large,315,1320,14.9,7.1,30,6,1.7,14.5,1.74,0.68,721,3021,34,16.3,68.6,13.6,4,33.2,3.98,1.56,0.36,0.49,0.82,0.26,0.15,0.13,0.66,0.66,0.65
Pepperoni Passion,Classic Crust,Medium,329,1377,16.2,7.9,31.2,6,1.9,13.6,1.77,0.69,655,2740,32.3,15.6,62.1,12,3.8,27,3.52,1.38,0.33,0.46,0.78,0.24,0.13,0.13,0.54,0.59,0.57
Pepperoni Passion,Classic Crust,Small,297,1237,14.3,6.9,27,3.6,2,14.1,1.6,0.63,1215,5066,58.5,28.4,110.4,14.8,8.3,57.6,6.57,2.58,0.61,0.84,1.42,0.42,0.16,0.28,1.15,1.09,1.08
Pepperoni Passion,Classic Crust,Personal,355,1490,15.1,7.1,41.1,5.8,1.9,12.7,1.85,0.73,678,2846,28.9,13.6,78.6,11,3.6,24.3,3.53,1.39,0.34,0.41,0.68,0.3,0.12,0.12,0.49,0.59,0.58
Pepperoni Passion,Italian Style Crust,Large,320,1338,16.7,8.1,24.7,6.7,1.8,16.7,1.87,0.73,611,2555,32,15.4,47.2,12.8,3.4,31.9,3.56,1.4,0.31,0.46,0.77,0.18,0.14,0.11,0.64,0.59,0.58
Pepperoni Passion,Italian Style Crust,Medium,325,1360,17.4,8.4,25.1,6.4,2,16,1.94,0.76,546,2281,29.3,14.1,42.1,10.7,3.3,26.8,3.25,1.28,0.27,0.42,0.7,0.16,0.12,0.11,0.54,0.54,0.53
Pepperoni Passion,Italian Style Crust,Small,347,1453,18.2,8.9,30.2,3.1,1.6,14.9,2.02,0.79,1085,4539,57,27.7,94.4,9.8,5.2,46.6,6.31,2.48,0.54,0.81,1.38,0.36,0.11,0.17,0.93,1.05,1.03
Pepperoni Passion,Stuffed Crust,Large,289,1208,14.3,7.3,25.1,6.2,3.7,13,1.59,0.63,768,3208,38.1,19.5,66.7,16.6,9.8,34.5,4.22,1.66,0.38,0.54,0.98,0.26,0.18,0.33,0.69,0.7,0.69
Pepperoni Passion,Stuffed Crust,Medium,302,1261,15.6,7.6,26.5,6.4,3.6,12.1,1.66,0.65,743,3108,38.4,18.8,65.3,15.7,8.8,29.8,4.1,1.61,0.37,0.55,0.94,0.25,0.17,0.29,0.6,0.68,0.67
Pepperoni Passion,Thin & Crispy Crust,Large,354,1478,20,9.6,28.1,5.3,1.7,14.5,1.86,0.73,575,2401,32.5,15.6,45.7,8.6,2.7,23.5,3.01,1.19,0.29,0.46,0.78,0.18,0.1,0.09,0.47,0.5,0.5
Pepperoni Passion,Thin & Crispy Crust,Medium,370,1544,21.1,10.1,27.9,5.1,1.5,16.4,2.3,0.9,540,2255,30.8,14.7,40.7,7.4,2.2,23.9,3.35,1.32,0.27,0.44,0.74,0.16,0.08,0.07,0.48,0.56,0.55
Ranch BBQ,Classic Crust,Large,312,1306,15.9,7.1,27.9,11.5,1.8,13.4,1.63,0.64,730,3057,37.3,16.7,65.4,27,4.1,31.4,3.81,1.5,0.36,0.53,0.84,0.25,0.3,0.14,0.63,0.64,0.62
Ranch BBQ,Classic Crust,Medium,328,1377,13.1,5.7,34.9,10.9,1.8,16.7,1.64,0.64,661,2777,26.5,11.4,70.5,21.9,3.6,33.7,3.3,1.3,0.33,0.38,0.57,0.27,0.24,0.12,0.67,0.55,0.54
Ranch BBQ,Classic Crust,Small,329,1379,14.1,5.7,35.1,10.7,1.4,14.7,1.9,0.75,1128,4734,48.3,19.7,120.6,36.9,4.7,50.6,6.51,2.56,0.56,0.69,0.98,0.46,0.41,0.16,1.01,1.08,1.07
Ranch BBQ,Classic Crust,Personal,350,1470,12.6,4.9,42.7,11.4,1.7,15.5,1.9,0.75,680,2861,24.5,9.5,83.2,22.2,3.4,30.2,3.7,1.45,0.34,0.35,0.48,0.32,0.25,0.11,0.6,0.62,0.6
Ranch BBQ,Italian Style Crust,Large,323,1356,13,5.3,37.1,13.8,1.8,13.5,1.97,0.77,633,2658,25.5,10.4,72.8,27.1,3.4,26.5,3.86,1.52,0.32,0.36,0.52,0.28,0.3,0.11,0.53,0.64,0.63
Ranch BBQ,Italian Style Crust,Medium,317,1333,12.8,5.3,36.4,14.3,2.2,13.1,2.02,0.79,677,2844,27.4,11.3,77.7,30.5,4.7,27.9,4.3,1.69,0.34,0.39,0.57,0.3,0.34,0.16,0.56,0.72,0.7
Ranch BBQ,Italian Style Crust,Small,310,1296,13.8,5.9,30.7,11.3,1.6,15.1,1.89,0.75,982,4104,43.8,18.6,97.1,35.9,5.2,47.9,6,2.36,0.49,0.63,0.93,0.37,0.4,0.17,0.96,1,0.98
Ranch BBQ,Stuffed Crust,Large,313,1316,13.4,6.3,29.9,9.1,2.4,17.3,1.89,0.74,848,3562,36.3,17.1,80.9,24.8,6.4,46.7,5.12,2.01,0.42,0.52,0.86,0.31,0.28,0.21,0.93,0.85,0.84
Ranch BBQ,Stuffed Crust,Medium,310,1301,13.2,5.9,29.7,9.8,3.6,16.5,1.73,0.68,773,3241,32.8,14.8,73.9,24.4,9.1,41.2,4.31,1.7,0.39,0.47,0.74,0.28,0.27,0.3,0.82,0.72,0.71
Ranch BBQ,Thin & Crispy Crust,Large,337,1413,15.8,6.4,30,12.4,2.7,17.6,1.99,0.78,564,2367,26.4,10.7,50.3,20.8,4.5,29.4,3.33,1.31,0.28,0.38,0.53,0.19,0.23,0.15,0.59,0.56,0.55
Ranch BBQ,Thin & Crispy Crust,Medium,345,1445,16.4,6.6,32.9,12.3,2.7,15.2,2.07,0.81,513,2149,24.3,9.8,48.9,18.3,4.1,22.6,3.08,1.21,0.26,0.35,0.49,0.19,0.2,0.14,0.45,0.51,0.5
Scrummy,Classic Crust,Large,295,1238,13.1,5.3,28.9,5.6,1.8,14.6,1.74,0.69,728,3058,32.3,13.2,71.3,13.9,4.3,36.2,4.31,1.69,0.36,0.46,0.66,0.27,0.15,0.14,0.72,0.72,0.7
Scrummy,Classic Crust,Medium,305,1276,14,5.8,29.8,5.6,1.9,13.8,1.76,0.69,662,2773,30.5,12.6,64.7,12.2,4.2,30,3.81,1.5,0.33,0.44,0.63,0.25,0.14,0.14,0.6,0.64,0.62
Scrummy,Classic Crust,Small,275,1149,12.3,5.1,25.9,3.4,2,14.2,1.58,0.62,1225,5115,54.9,22.7,115.4,15.3,9,63.1,7.05,2.77,0.61,0.78,1.14,0.44,0.17,0.3,1.26,1.18,1.15
Scrummy,Classic Crust,Personal,327,1374,14,5.4,36.2,5.1,1.8,13.3,1.89,0.74,737,3095,31.5,12.2,81.6,11.4,4,29.8,4.25,1.67,0.37,0.45,0.61,0.31,0.13,0.13,0.6,0.71,0.7
Scrummy,Italian Style Crust,Large,296,1239,14.5,5.9,23.8,6.2,1.8,16.7,1.86,0.73,619,2591,30.2,12.3,49.8,13.1,3.8,35,3.89,1.53,0.31,0.43,0.62,0.19,0.15,0.13,0.7,0.65,0.64
Scrummy,Italian Style Crust,Medium,297,1244,14.8,6,24,5.9,1.9,16,1.91,0.75,553,2314,27.5,11.1,44.7,10.9,3.6,29.8,3.55,1.39,0.28,0.39,0.55,0.17,0.12,0.12,0.6,0.59,0.58
Scrummy,Italian Style Crust,Small,315,1318,15.3,6.3,28.5,3,1.7,15,1.95,0.77,1095,4589,53.3,22,99.3,10.3,5.8,52.1,6.8,2.67,0.55,0.76,1.1,0.38,0.11,0.19,1.04,1.13,1.11
Scrummy,Stuffed Crust,Large,273,1144,12.8,5.8,24.5,5.9,3.6,13.2,1.6,0.63,775,3244,36.4,16.4,69.4,16.8,10.1,37.5,4.55,1.79,0.39,0.52,0.82,0.27,0.19,0.34,0.75,0.76,0.75
Scrummy,Stuffed Crust,Medium,284,1187,13.8,6,25.7,6,3.5,12.4,1.66,0.65,750,3141,36.7,15.8,67.9,15.9,9.2,32.7,4.4,1.73,0.38,0.52,0.79,0.26,0.18,0.31,0.65,0.73,0.72
Scrummy,Thin & Crispy Crust,Large,323,1350,17,6.9,26.8,4.9,1.7,14.7,1.85,0.73,583,2437,30.8,12.5,48.3,8.8,3.1,26.5,3.34,1.31,0.29,0.44,0.62,0.19,0.1,0.1,0.53,0.56,0.55
Scrummy,Thin & Crispy Crust,Medium,333,1393,17.7,7.2,26.3,4.7,1.5,16.4,2.22,0.87,547,2288,29,11.7,43.3,7.7,2.5,26.9,3.65,1.44,0.27,0.41,0.58,0.17,0.09,0.08,0.54,0.61,0.6
Tandoori Hot,Classic Crust,Large,233,984,6.9,3.4,29.8,6.1,1.9,12.1,1.34,0.53,555,2337,16.5,8,70.9,14.4,4.6,28.7,3.19,1.25,0.28,0.24,0.4,0.27,0.16,0.15,0.57,0.53,0.52
Tandoori Hot,Classic Crust,Medium,241,1013,7.4,3.8,31.4,6.2,2.1,11.1,1.32,0.52,492,2070,15.2,7.7,64.2,12.7,4.4,22.6,2.69,1.06,0.25,0.22,0.38,0.25,0.14,0.15,0.45,0.45,0.44
Tandoori Hot,Classic Crust,Small,214,897,6,3.1,27.5,3.9,2.3,11.6,1.15,0.45,889,3720,24.7,12.9,114.2,16.2,9.4,48.3,4.75,1.87,0.44,0.35,0.64,0.44,0.18,0.31,0.97,0.79,0.78
Tandoori Hot,Classic Crust,Personal,271,1143,6.6,3.2,41.6,6,2.1,10.4,1.38,0.54,522,2203,12.6,6.2,80.3,11.6,4,20,2.66,1.05,0.26,0.18,0.31,0.31,0.13,0.13,0.4,0.44,0.44
Tandoori Hot,Italian Style Crust,Large,223,937,7.2,3.6,24.8,6.8,2,13.8,1.39,0.55,445,1870,14.4,7.2,49.5,13.6,4,27.5,2.77,1.09,0.22,0.21,0.36,0.19,0.15,0.13,0.55,0.46,0.45
Tandoori Hot,Italian Style Crust,Medium,222,930,7.1,3.5,25.5,6.6,2.2,12.9,1.4,0.55,383,1611,12.2,6.1,44.1,11.4,3.8,22.4,2.42,0.95,0.19,0.17,0.3,0.17,0.13,0.13,0.45,0.4,0.4
Tandoori Hot,Italian Style Crust,Small,239,1006,7.3,3.8,30.9,3.5,1.9,11.8,1.42,0.56,759,3194,23.1,12.2,98.1,11.2,6.2,37.3,4.5,1.77,0.38,0.33,0.61,0.38,0.12,0.21,0.75,0.75,0.74
Tandoori Hot,Stuffed Crust,Large,220,921,7.5,4.1,25.2,6.3,3.8,11,1.25,0.49,602,2524,20.6,11.2,69,17.4,10.4,30,3.43,1.35,0.3,0.29,0.56,0.27,0.19,0.35,0.6,0.57,0.56
Tandoori Hot,Stuffed Crust,Medium,231,968,8.5,4.3,26.8,6.5,3.7,10.1,1.3,0.51,581,2438,21.4,10.8,67.4,16.4,9.4,25.3,3.27,1.29,0.29,0.31,0.54,0.26,0.18,0.31,0.51,0.55,0.54
Tandoori Hot,Thin & Crispy Crust,Large,239,1004,8.8,4.3,28,5.5,2,11.1,1.3,0.51,409,1716,15,7.4,47.9,9.4,3.4,19,2.23,0.88,0.2,0.21,0.37,0.18,0.1,0.11,0.38,0.37,0.37
Tandoori Hot,Thin & Crispy Crust,Medium,250,1047,9.1,4.5,28.2,5.4,1.8,12.9,1.67,0.66,378,1585,13.7,6.8,42.7,8.1,2.7,19.5,2.53,0.99,0.19,0.2,0.34,0.16,0.09,0.09,0.39,0.42,0.41
Tandoori Sizzler,Classic Crust,Large,227,955,6.8,3.3,29.3,6,1.9,11.4,1.08,0.43,551,2323,16.5,8,71.2,14.7,4.5,27.8,2.64,1.04,0.28,0.24,0.4,0.27,0.16,0.15,0.56,0.44,0.43
Tandoori Sizzler,Classic Crust,Medium,234,983,7.3,3.7,30.8,6.2,2.1,10.4,1.04,0.41,488,2051,15.2,7.7,64.3,12.9,4.3,21.6,2.17,0.86,0.24,0.22,0.38,0.25,0.14,0.14,0.43,0.36,0.36
Tandoori Sizzler,Classic Crust,Small,207,868,5.8,3,26.9,3.9,2.2,11,0.9,0.36,883,3697,24.6,12.9,114.7,16.6,9.3,46.9,3.85,1.51,0.44,0.35,0.64,0.44,0.18,0.31,0.94,0.64,0.63
Tandoori Sizzler,Classic Crust,Personal,263,1108,6.4,3.1,40.7,6,2,9.8,1.13,0.44,519,2191,12.6,6.2,80.5,11.8,4,19.3,2.23,0.88,0.26,0.18,0.31,0.31,0.13,0.13,0.39,0.37,0.37
Tandoori Sizzler,Italian Style Crust,Large,215,904,7,3.5,24.2,6.7,1.9,13,1.08,0.43,442,1856,14.4,7.2,49.7,13.8,4,26.6,2.22,0.87,0.22,0.21,0.36,0.19,0.15,0.13,0.53,0.37,0.36
Tandoori Sizzler,Italian Style Crust,Medium,214,898,6.9,3.5,25,6.5,2.1,12.1,1.08,0.42,379,1592,12.2,6.1,44.3,11.6,3.8,21.4,1.91,0.75,0.19,0.17,0.3,0.17,0.13,0.13,0.43,0.32,0.31
Tandoori Sizzler,Italian Style Crust,Small,229,964,7,3.7,30,3.5,1.8,10.9,1.09,0.43,754,3171,23,12.2,98.6,11.6,6.1,35.9,3.6,1.41,0.38,0.33,0.61,0.38,0.13,0.2,0.72,0.6,0.59
Tandoori Sizzler,Stuffed Crust,Large,214,897,7.3,4,24.8,6.3,3.7,10.4,1.03,0.4,598,2509,20.5,11.2,69.3,17.6,10.3,29.2,2.88,1.13,0.3,0.29,0.56,0.27,0.2,0.34,0.58,0.48,0.47
Tandoori Sizzler,Stuffed Crust,Medium,225,944,8.3,4.2,26.4,6.5,3.6,9.5,1.08,0.42,576,2418,21.3,10.8,67.6,16.6,9.3,24.3,2.76,1.08,0.29,0.3,0.54,0.26,0.18,0.31,0.49,0.46,0.45
Tandoori Sizzler,Thin & Crispy Crust,Large,230,963,8.5,4.2,27.3,5.4,1.9,10.3,0.95,0.37,406,1702,14.9,7.4,48.2,9.6,3.3,18.2,1.67,0.66,0.2,0.21,0.37,0.19,0.11,0.11,0.36,0.28,0.28
Tandoori Sizzler,Thin & Crispy Crust,Medium,240,1006,8.8,4.4,27.6,5.4,1.7,11.9,1.29,0.51,373,1566,13.7,6.8,42.9,8.3,2.7,18.5,2.01,0.79,0.19,0.2,0.34,0.16,0.09,0.09,0.37,0.34,0.33
Texas BBQ,Classic Crust,Large,279,1170,12.4,5.8,29,12.3,1.9,12,1.29,0.51,633,2657,28.3,13.1,65.9,27.9,4.3,27.1,2.93,1.15,0.32,0.4,0.66,0.25,0.31,0.14,0.54,0.49,0.48
Texas BBQ,Classic Crust,Medium,292,1231,9.2,4.1,36.3,11.6,2,15.4,1.27,0.5,571,2408,17.9,8,71.1,22.7,3.8,30.1,2.48,0.98,0.29,0.26,0.4,0.27,0.25,0.13,0.6,0.41,0.41
Texas BBQ,Classic Crust,Small,289,1216,9.7,4,36.7,11.6,1.6,13.1,1.49,0.59,957,4030,32.2,13.1,121.7,38.5,5.1,43.5,4.95,1.94,0.48,0.46,0.66,0.47,0.43,0.17,0.87,0.82,0.81
Texas BBQ,Classic Crust,Personal,323,1359,9.8,3.7,43.4,11.9,1.8,14.5,1.64,0.65,622,2621,18.9,7.1,83.7,22.9,3.5,28,3.16,1.24,0.31,0.27,0.36,0.32,0.25,0.12,0.56,0.53,0.52
Texas BBQ,Italian Style Crust,Large,284,1194,8.7,3.6,38.8,14.8,1.9,11.7,1.58,0.62,536,2258,16.5,6.7,73.4,28,3.7,22.2,2.98,1.17,0.27,0.24,0.34,0.28,0.31,0.12,0.44,0.5,0.49
Texas BBQ,Italian Style Crust,Medium,283,1194,9.1,3.8,37.8,15.1,2.4,11.7,1.68,0.66,587,2475,18.8,7.8,78.3,31.3,4.9,24.3,3.49,1.37,0.29,0.27,0.39,0.3,0.35,0.16,0.49,0.58,0.57
Texas BBQ,Italian Style Crust,Small,266,1115,9.1,3.9,32.2,12.3,1.8,13.4,1.45,0.57,811,3400,27.6,11.9,98.1,37.5,5.6,40.9,4.43,1.74,0.41,0.39,0.6,0.38,0.42,0.19,0.82,0.74,0.72
Texas BBQ,Stuffed Crust,Large,285,1199,10.3,5.1,30.9,9.7,2.5,16.1,1.61,0.63,751,3161,27.2,13.5,81.4,25.7,6.6,42.4,4.24,1.67,0.38,0.39,0.68,0.31,0.29,0.22,0.85,0.71,0.7
Texas BBQ,Stuffed Crust,Medium,281,1181,10,4.7,30.6,10.4,3.8,15.5,1.44,0.57,684,2871,24.2,11.3,74.4,25.3,9.3,37.7,3.49,1.37,0.34,0.35,0.57,0.29,0.28,0.31,0.75,0.58,0.57
Texas BBQ,Thin & Crispy Crust,Large,291,1225,10.8,4.4,31.7,13.5,3,15.7,1.53,0.6,468,1966,17.3,7.1,50.9,21.7,4.8,25.2,2.46,0.97,0.23,0.25,0.36,0.2,0.24,0.16,0.5,0.41,0.4
Texas BBQ,Thin & Crispy Crust,Medium,296,1242,11.1,4.4,34.3,13.3,3,13.5,1.58,0.62,427,1793,16,6.4,49.6,19.2,4.3,19.5,2.28,0.9,0.21,0.23,0.32,0.19,0.21,0.14,0.39,0.38,0.38
The Cheeseburger,Classic Crust,Large,239,1007,9.1,3.9,28,6.6,1.8,10.7,1.31,0.52,635,2673,24.2,10.4,74.3,17.5,4.7,28.3,3.48,1.37,0.32,0.35,0.52,0.29,0.19,0.16,0.57,0.58,0.57
The Cheeseburger,Classic Crust,Medium,247,1036,9.7,4.3,29.4,6.8,1.9,9.6,1.28,0.5,564,2367,22.2,9.8,67.1,15.5,4.4,22,2.93,1.15,0.28,0.32,0.49,0.26,0.17,0.15,0.44,0.49,0.48
The Cheeseburger,Classic Crust,Small,221,926,8.1,3.6,25.9,4.6,2.1,10.3,1.14,0.45,1023,4276,37.5,16.8,119.7,21.4,9.5,47.6,5.25,2.06,0.51,0.54,0.84,0.46,0.24,0.32,0.95,0.88,0.86
The Cheeseburger,Classic Crust,Personal,270,1136,8.7,3.7,38.2,6.6,1.9,8.9,1.35,0.53,587,2472,18.9,8,83.2,14.4,4.1,19.4,2.93,1.15,0.29,0.27,0.4,0.32,0.16,0.14,0.39,0.49,0.48
The Cheeseburger,Italian Style Crust,Large,231,970,9.7,4.2,23.2,7.4,1.8,11.9,1.35,0.53,525,2204,22.1,9.5,52.8,16.7,4.1,27,3.06,1.2,0.26,0.32,0.48,0.2,0.19,0.14,0.54,0.51,0.5
The Cheeseburger,Italian Style Crust,Medium,231,967,9.7,4.2,23.9,7.2,2,11,1.35,0.53,455,1907,19.2,8.2,47.1,14.2,3.9,21.8,2.66,1.05,0.23,0.27,0.41,0.18,0.16,0.13,0.44,0.44,0.44
The Cheeseburger,Italian Style Crust,Small,245,1027,9.8,4.4,28.4,4.5,1.7,10,1.37,0.54,893,3750,35.9,16.1,103.7,16.3,6.3,36.6,4.99,1.96,0.45,0.51,0.8,0.4,0.18,0.21,0.73,0.83,0.82
The Cheeseburger,Stuffed Crust,Large,226,947,9.4,4.5,24,6.8,3.5,9.8,1.23,0.48,682,2857,28.3,13.6,72.3,20.4,10.5,29.6,3.72,1.46,0.34,0.4,0.68,0.28,0.23,0.35,0.59,0.62,0.61
The Cheeseburger,Stuffed Crust,Medium,236,991,10.3,4.7,25.5,6.9,3.4,9,1.27,0.5,652,2734,28.3,12.9,70.3,19.2,9.4,24.7,3.51,1.38,0.33,0.4,0.64,0.27,0.21,0.31,0.49,0.58,0.57
The Cheeseburger,Thin & Crispy Crust,Large,246,1032,11.4,4.9,25.8,6.3,1.7,9.4,1.26,0.5,489,2050,22.7,9.7,51.2,12.5,3.4,18.6,2.51,0.99,0.24,0.32,0.48,0.2,0.14,0.11,0.37,0.42,0.41
The Cheeseburger,Thin & Crispy Crust,Medium,256,1072,11.8,5.1,26,6.2,1.6,10.7,1.58,0.62,449,1881,20.7,8.9,45.7,10.9,2.8,18.9,2.77,1.09,0.22,0.3,0.44,0.18,0.12,0.09,0.38,0.46,0.45
The Beef Doner,Classic Crust,Large,235,990,8.2,4,28.9,6,1.9,10.8,1.31,0.52,584,2459,20.3,9.8,71.7,14.9,4.8,26.8,3.26,1.28,0.29,0.29,0.49,0.28,0.17,0.16,0.54,0.54,0.53
The Beef Doner,Classic Crust,Medium,242,1018,8.7,4.4,30.3,6.2,2.1,9.7,1.29,0.51,517,2174,18.7,9.3,64.8,13.1,4.6,20.7,2.76,1.08,0.26,0.27,0.46,0.25,0.15,0.15,0.41,0.46,0.45
The Beef Doner,Classic Crust,Small,250,1051,8.2,3.9,32.7,5.2,1.7,10.6,1.32,0.52,1083,4560,35.6,17.1,141.8,22.5,7.5,46,5.73,2.25,0.54,0.51,0.86,0.55,0.25,0.25,0.92,0.96,0.94
The Beef Doner,Classic Crust,Personal,268,1129,7.8,3.8,39.6,5.9,2.1,9,1.35,0.53,548,2312,16,7.7,81,12.1,4.3,18.5,2.76,1.09,0.27,0.23,0.38,0.31,0.13,0.14,0.37,0.46,0.45
The Beef Doner,Italian Style Crust,Large,226,947,8.7,4.3,23.9,6.7,2,12.1,1.35,0.53,475,1992,18.3,9,50.2,14.1,4.3,25.5,2.85,1.12,0.24,0.26,0.45,0.19,0.16,0.14,0.51,0.48,0.47
The Beef Doner,Italian Style Crust,Medium,224,941,8.6,4.3,24.6,6.5,2.2,11.2,1.37,0.54,409,1715,15.6,7.8,44.8,11.8,4,20.5,2.49,0.98,0.2,0.22,0.39,0.17,0.13,0.13,0.41,0.42,0.41
The Beef Doner,Italian Style Crust,Small,240,1008,8.8,4.5,29.5,3.6,1.9,10.1,1.38,0.54,809,3398,29.5,15.2,99.5,12,6.6,34.1,4.64,1.82,0.4,0.42,0.76,0.38,0.13,0.22,0.68,0.77,0.76
The Beef Doner,Stuffed Crust,Large,225,942,8.6,4.6,25,6.4,3.8,10,1.22,0.48,702,2942,27,14.5,78.1,19.9,11.9,31.1,3.82,1.5,0.35,0.39,0.72,0.3,0.22,0.4,0.62,0.64,0.62
The Beef Doner,Stuffed Crust,Medium,232,974,9.5,4.8,26.1,6.4,3.7,9,1.28,0.5,606,2542,24.8,12.5,68,16.8,9.6,23.4,3.34,1.31,0.3,0.35,0.62,0.26,0.19,0.32,0.47,0.56,0.55
The Beef Doner,Thin & Crispy Crust,Large,241,1011,10.4,5,26.8,5.4,2,9.4,1.26,0.5,439,1838,18.8,9.2,48.7,9.9,3.6,17.1,2.3,0.9,0.22,0.27,0.46,0.19,0.11,0.12,0.34,0.38,0.38
The Beef Doner,Thin & Crispy Crust,Medium,251,1052,10.7,5.2,27,5.3,1.8,10.9,1.62,0.64,403,1689,17.2,8.4,43.4,8.6,3,17.5,2.6,1.02,0.2,0.25,0.42,0.17,0.1,0.1,0.35,0.43,0.43
The Meatfielder,Classic Crust,Large,304,1274,14.1,5.8,29.7,5.9,1.8,13.7,1.73,0.68,718,3015,33.3,13.8,70.2,13.9,4.4,32.5,4.1,1.61,0.36,0.48,0.69,0.27,0.15,0.15,0.65,0.68,0.67
The Meatfielder,Classic Crust,Medium,315,1321,15.2,6.4,30.7,5.9,2,12.8,1.75,0.69,652,2734,31.5,13.2,63.6,12.3,4.2,26.5,3.62,1.42,0.33,0.45,0.66,0.24,0.14,0.14,0.53,0.6,0.59
The Meatfielder,Classic Crust,Small,282,1178,13.2,5.5,26.6,3.6,2.1,13.3,1.57,0.62,1205,5032,56.4,23.5,113.4,15.4,9.1,56.8,6.69,2.63,0.6,0.81,1.18,0.44,0.17,0.3,1.14,1.12,1.1
The Meatfielder,Classic Crust,Personal,337,1415,15,5.9,37.3,5.3,1.9,12.4,1.89,0.74,729,3060,32.4,12.7,80.6,11.4,4,26.7,4.09,1.61,0.36,0.46,0.64,0.31,0.13,0.13,0.53,0.68,0.67
The Meatfielder,Italian Style Crust,Large,307,1284,15.7,6.5,24.5,6.6,1.9,15.8,1.86,0.73,609,2548,31.3,12.9,48.7,13.1,3.8,31.3,3.69,1.45,0.3,0.45,0.64,0.19,0.15,0.13,0.63,0.62,0.6
The Meatfielder,Italian Style Crust,Medium,310,1297,16.3,6.7,24.7,6.2,2.1,15,1.92,0.76,548,2292,28.9,11.8,43.6,11,3.7,26.5,3.39,1.33,0.27,0.41,0.59,0.17,0.12,0.12,0.53,0.57,0.55
The Meatfielder,Italian Style Crust,Small,326,1365,16.6,6.9,29.5,3.1,1.8,13.9,1.95,0.77,1076,4505,54.8,22.8,97.4,10.3,5.9,45.9,6.43,2.53,0.54,0.78,1.14,0.37,0.11,0.2,0.92,1.07,1.05
The Meatfielder,Stuffed Crust,Large,280,1172,13.7,6.2,25,6.2,3.7,12.4,1.59,0.63,955,3993,46.7,21.2,85.1,21,12.7,42.2,5.42,2.13,0.48,0.67,1.06,0.33,0.23,0.42,0.84,0.9,0.89
The Meatfielder,Stuffed Crust,Medium,291,1219,14.8,6.4,26.3,6.3,3.6,11.5,1.65,0.65,741,3101,37.7,16.3,66.8,15.9,9.2,29.3,4.21,1.65,0.37,0.54,0.82,0.26,0.18,0.31,0.59,0.7,0.69
The Meatfielder,Thin & Crispy Crust,Large,337,1409,18.7,7.7,27.8,5.2,1.8,13.4,1.85,0.73,573,2394,31.8,13.1,47.2,8.9,3.1,22.8,3.14,1.23,0.29,0.45,0.66,0.18,0.1,0.1,0.46,0.52,0.51
The Meatfielder,Thin & Crispy Crust,Medium,350,1461,19.5,8,27.4,5,1.7,15.2,2.25,0.88,538,2248,30,12.3,42.2,7.7,2.6,23.4,3.46,1.36,0.27,0.43,0.62,0.16,0.09,0.09,0.47,0.58,0.57
The Sizzler,Classic Crust,Large,284,1191,10.9,4.4,34.1,6.4,2.3,11.1,1.76,0.69,662,2772,25.5,10.2,79.5,15,5.4,25.8,4.09,1.61,0.33,0.36,0.51,0.31,0.17,0.18,0.52,0.68,0.67
The Sizzler,Classic Crust,Medium,290,1216,11.3,4.5,33.2,5,2.4,12.6,1.91,0.75,584,2452,22.9,9.1,67,10.1,4.8,25.4,3.84,1.51,0.29,0.33,0.45,0.26,0.11,0.16,0.51,0.64,0.63
The Sizzler,Classic Crust,Small,323,1356,12.4,5,37.9,6.2,3.4,13.5,1.84,0.72,1335,5596,51,20.7,156.3,25.6,14.2,55.5,7.6,2.99,0.67,0.73,1.03,0.6,0.28,0.47,1.11,1.27,1.25
The Sizzler,Classic Crust,Personal,320,1345,10.5,4.3,41.7,6.1,3.3,13.1,1.81,0.71,606,2544,19.9,8.1,78.8,11.5,6.2,24.7,3.42,1.34,0.3,0.28,0.4,0.3,0.13,0.21,0.49,0.57,0.56
The Sizzler,Italian Style Crust,Large,284,1189,12.7,5,28.1,7.8,2.5,13.1,1.89,0.75,553,2314,24.7,9.8,54.7,15.1,4.9,25.5,3.69,1.45,0.28,0.35,0.49,0.21,0.17,0.16,0.51,0.62,0.6
The Sizzler,Italian Style Crust,Medium,281,1177,12.6,5,27.6,7.4,3.2,12.7,2.27,0.89,479,2005,21.6,8.5,47,12.5,5.5,21.6,3.88,1.52,0.24,0.31,0.42,0.18,0.14,0.18,0.43,0.65,0.63
The Sizzler,Italian Style Crust,Small,292,1221,13.3,5.3,28.5,5.1,2.6,13.2,2.38,0.94,922,3855,42,16.6,90,16.2,8.1,41.8,7.52,2.96,0.46,0.6,0.83,0.35,0.18,0.27,0.84,1.25,1.23
The Sizzler,Stuffed Crust,Large,270,1128,11.4,4.9,29.4,6.9,2.5,11,1.97,0.77,726,3037,30.7,13.3,79.1,18.5,6.6,29.7,5.3,2.08,0.36,0.44,0.66,0.3,0.21,0.22,0.59,0.88,0.87
The Sizzler,Stuffed Crust,Medium,279,1169,12.5,5.5,24,6.8,2.9,16.2,2,0.79,696,2913,31.2,13.8,59.9,17.1,7.1,40.3,4.98,1.96,0.35,0.45,0.69,0.23,0.19,0.24,0.81,0.83,0.82
The Sizzler,Thin & Crispy Crust,Large,295,1234,14.3,6,26.8,4.9,2.9,13.3,1.93,0.76,490,2050,23.8,9.9,44.5,8.1,4.9,22.1,3.2,1.26,0.24,0.34,0.5,0.17,0.09,0.16,0.44,0.53,0.52
The Sizzler,Thin & Crispy Crust,Medium,310,1299,15,6.2,31,5,2.5,11.6,2.03,0.8,461,1931,22.4,9.3,46.1,7.4,3.7,17.2,3.02,1.19,0.23,0.32,0.46,0.18,0.08,0.12,0.34,0.5,0.5
Tuna Supreme,Classic Crust,Large,254,1069,7.9,3.7,32.2,6.6,2.1,12.6,1.09,0.43,573,2416,18,8.3,72.9,14.8,4.7,28.5,2.47,0.97,0.29,0.26,0.42,0.28,0.16,0.16,0.57,0.41,0.4
Tuna Supreme,Classic Crust,Medium,260,1096,8.4,4.1,34.2,6.9,2.3,11.1,1.04,0.41,503,2114,16.2,7.9,66.1,13.3,4.5,21.4,2,0.79,0.25,0.23,0.4,0.25,0.15,0.15,0.43,0.33,0.33
Tuna Supreme,Classic Crust,Small,232,973,6.8,3.4,29.8,4.3,2.4,12.1,0.9,0.36,915,3833,27,13.3,117.2,16.8,9.5,47.5,3.56,1.4,0.46,0.39,0.66,0.45,0.19,0.32,0.95,0.59,0.58
Tuna Supreme,Classic Crust,Personal,291,1230,7.5,3.5,44.5,6.5,2.2,10.7,1.14,0.45,536,2261,13.8,6.4,81.8,11.9,4.1,19.7,2.09,0.82,0.27,0.2,0.32,0.31,0.13,0.14,0.39,0.35,0.34
Tuna Supreme,Italian Style Crust,Large,247,1037,8.5,4,27.4,7.5,2.2,14.5,1.09,0.43,464,1949,15.9,7.5,51.4,14,4.1,27.3,2.06,0.81,0.23,0.23,0.38,0.2,0.16,0.14,0.55,0.34,0.34
Tuna Supreme,Italian Style Crust,Medium,244,1024,8.2,3.9,28.5,7.4,2.4,13.1,1.07,0.42,394,1655,13.2,6.3,46.1,11.9,4,21.2,1.73,0.68,0.2,0.19,0.32,0.18,0.13,0.13,0.42,0.29,0.28
Tuna Supreme,Italian Style Crust,Small,265,1114,8.5,4.2,34.1,4,2.1,12.3,1.11,0.44,786,3306,25.4,12.6,101.1,11.8,6.3,36.6,3.31,1.3,0.39,0.36,0.63,0.39,0.13,0.21,0.73,0.55,0.54
Tuna Supreme,Stuffed Crust,Large,236,991,8.4,4.4,27,6.8,4,11.4,1.03,0.41,620,2603,22,11.5,70.9,17.7,10.5,29.9,2.71,1.07,0.31,0.31,0.57,0.27,0.2,0.35,0.6,0.45,0.45
Tuna Supreme,Stuffed Crust,Medium,246,1032,9.3,4.6,28.8,7,3.9,10,1.07,0.42,591,2482,22.4,11,69.3,16.9,9.5,24.1,2.58,1.01,0.3,0.32,0.55,0.27,0.19,0.32,0.48,0.43,0.42
Tuna Supreme,Thin & Crispy Crust,Large,268,1126,10.3,4.8,31.3,6.1,2.1,11.8,0.95,0.37,428,1795,16.5,7.6,49.9,9.8,3.4,18.9,1.51,0.59,0.21,0.24,0.38,0.19,0.11,0.11,0.38,0.25,0.25
Tuna Supreme,Thin & Crispy Crust,Medium,277,1164,10.5,5,31.9,6.2,2,13.1,1.31,0.52,388,1629,14.8,7,44.7,8.7,2.9,18.3,1.84,0.72,0.19,0.21,0.35,0.17,0.1,0.1,0.37,0.31,0.3
Veg-a-Roma,Classic Crust,Large,249,1045,8.2,3.4,34.5,6.9,2.6,8.2,1.12,0.44,570,2389,18.7,7.7,79,15.9,5.9,18.6,2.56,1.01,0.28,0.27,0.38,0.3,0.18,0.2,0.37,0.43,0.42
Veg-a-Roma,Classic Crust,Medium,252,1060,8.2,3.3,33.9,5.6,2.7,9.4,1.22,0.48,493,2074,16.1,6.6,66.4,10.9,5.2,18.5,2.39,0.94,0.25,0.23,0.33,0.26,0.12,0.17,0.37,0.4,0.39
Veg-a-Roma,Classic Crust,Small,290,1218,9.4,3.9,38.9,6.8,3.7,10.7,1.21,0.48,1158,4861,37.6,15.6,155.3,27,15,42.6,4.84,1.91,0.58,0.54,0.78,0.6,0.3,0.5,0.85,0.81,0.8
Veg-a-Roma,Classic Crust,Personal,289,1213,8.2,3.4,41.8,6.5,3.5,10.2,1.22,0.48,541,2273,15.4,6.4,78.4,12.2,6.5,19.2,2.28,0.9,0.27,0.22,0.32,0.3,0.14,0.22,0.38,0.38,0.38
Veg-a-Roma,Italian Style Crust,Large,242,1013,9.4,3.8,28.4,8.4,2.8,9.6,1.13,0.44,461,1932,18,7.3,54.2,16,5.3,18.3,2.15,0.85,0.23,0.26,0.36,0.21,0.18,0.18,0.37,0.36,0.35
Veg-a-Roma,Italian Style Crust,Medium,236,990,9,3.7,28.2,8.1,3.6,9,1.47,0.58,388,1628,14.8,6,46.4,13.3,5.9,14.7,2.42,0.95,0.19,0.21,0.3,0.18,0.15,0.2,0.29,0.4,0.4
Veg-a-Roma,Italian Style Crust,Small,246,1032,9.5,3.8,29.5,5.8,2.9,9.6,1.58,0.62,745,3121,28.6,11.6,89.1,17.6,8.8,28.9,4.77,1.87,0.37,0.41,0.58,0.34,0.2,0.29,0.58,0.8,0.78
Veg-a-Roma,Stuffed Crust,Large,239,1001,9,4.1,29.7,7.3,2.7,8.5,1.42,0.56,634,2655,23.9,10.8,78.7,19.4,7.1,22.6,3.77,1.48,0.32,0.34,0.54,0.3,0.22,0.24,0.45,0.63,0.62
Veg-a-Roma,Stuffed Crust,Medium,249,1043,10.1,4.6,24.4,7.3,3.1,13.7,1.45,0.57,605,2535,24.5,11.3,59.3,17.8,7.5,33.4,3.52,1.38,0.3,0.35,0.57,0.23,0.2,0.25,0.67,0.59,0.57
Veg-a-Roma,Thin & Crispy Crust,Large,245,1029,10.5,4.6,27.1,5.5,3.3,9.2,1.03,0.4,398,1668,17.1,7.4,44,9,5.3,15,1.67,0.66,0.2,0.24,0.37,0.17,0.1,0.18,0.3,0.28,0.28
Veg-a-Roma,Thin & Crispy Crust,Medium,260,1089,11,4.7,31.9,5.7,2.9,7.2,1.1,0.43,370,1553,15.6,6.8,45.5,8.2,4.1,10.3,1.56,0.61,0.18,0.22,0.34,0.18,0.09,0.14,0.21,0.26,0.25
Vegi Classic,Classic Crust,Large,234,984,7.1,3.6,31,6.6,2.1,10.5,1.02,0.4,528,2224,16.1,8,70.1,15,4.7,23.8,2.3,0.9,0.26,0.23,0.4,0.27,0.17,0.16,0.48,0.38,0.38
Vegi Classic,Classic Crust,Medium,242,1017,7.7,4,32.8,6.8,2.3,9.4,0.97,0.38,467,1963,14.8,7.7,63.4,13.2,4.5,18.1,1.87,0.74,0.23,0.21,0.38,0.24,0.15,0.15,0.36,0.31,0.31
Vegi Classic,Classic Crust,Small,214,896,6.1,3.3,28.6,4.3,2.4,10.2,0.83,0.33,843,3529,24,12.9,112.8,17,9.6,40.2,3.29,1.29,0.42,0.34,0.64,0.43,0.19,0.32,0.8,0.55,0.54
Vegi Classic,Classic Crust,Personal,272,1147,6.7,3.4,43.3,6.1,2.2,8.7,1.06,0.42,499,2108,12.3,6.2,79.5,11.3,4.1,16,1.95,0.77,0.25,0.18,0.31,0.31,0.13,0.14,0.32,0.32,0.32
Vegi Classic,Italian Style Crust,Large,223,935,7.5,3.8,25.9,7.5,2.2,12,1,0.39,418,1757,14,7.2,48.6,14.1,4.2,22.6,1.88,0.74,0.21,0.2,0.36,0.19,0.16,0.14,0.45,0.31,0.31
Vegi Classic,Italian Style Crust,Medium,221,930,7.3,3.8,26.8,7.3,2.5,11,0.99,0.39,358,1504,11.8,6.1,43.3,11.9,4,17.8,1.61,0.63,0.18,0.17,0.3,0.17,0.13,0.13,0.36,0.27,0.26
Vegi Classic,Italian Style Crust,Small,240,1012,7.6,4.1,32.6,4,2.2,9.8,1.02,0.4,714,3003,22.4,12.2,96.8,12,6.4,29.2,3.03,1.19,0.36,0.32,0.61,0.37,0.13,0.21,0.58,0.5,0.5
Vegi Classic,Stuffed Crust,Large,219,918,7.7,4.3,26,6.8,4,9.6,0.97,0.38,575,2411,20.2,11.2,68.2,17.9,10.6,25.2,2.54,1,0.29,0.29,0.56,0.26,0.2,0.35,0.5,0.42,0.42
Vegi Classic,Stuffed Crust,Medium,231,969,8.7,4.5,27.7,7,4,8.6,1.02,0.4,555,2330,21,10.8,66.6,16.8,9.5,20.8,2.46,0.97,0.28,0.3,0.54,0.26,0.19,0.32,0.42,0.41,0.4
Vegi Classic,Thin & Crispy Crust,Large,240,1006,9.2,4.6,29.6,6.2,2.2,8.9,0.84,0.33,382,1603,14.6,7.4,47.1,9.9,3.5,14.2,1.33,0.52,0.19,0.21,0.37,0.18,0.11,0.12,0.28,0.22,0.22
Vegi Classic,Thin & Crispy Crust,Medium,252,1056,9.5,4.9,30,6.1,2.1,10.7,1.22,0.48,352,1477,13.4,6.8,41.9,8.6,2.9,14.9,1.71,0.67,0.18,0.19,0.34,0.16,0.1,0.1,0.3,0.28,0.28
Vegi Sizzler,Classic Crust,Large,231,972,7.1,3.5,30.7,6.4,2,10.3,1.01,0.4,525,2212,16.1,8,69.9,14.7,4.5,23.4,2.3,0.9,0.26,0.23,0.4,0.27,0.16,0.15,0.47,0.38,0.38
Vegi Sizzler,Classic Crust,Medium,238,1003,7.6,3.9,32.5,6.6,2.2,9.1,0.96,0.38,464,1953,14.8,7.7,63.2,12.9,4.3,17.7,1.87,0.74,0.23,0.21,0.38,0.24,0.14,0.14,0.35,0.31,0.31
Vegi Sizzler,Classic Crust,Small,210,878,6,3.2,28.1,4.1,2.3,9.9,0.82,0.32,840,3514,24,12.9,112.6,16.6,9.3,39.5,3.28,1.29,0.42,0.34,0.64,0.43,0.18,0.31,0.79,0.55,0.54
Vegi Sizzler,Classic Crust,Personal,269,1137,6.7,3.3,43,6.4,2.2,8.4,1.06,0.42,497,2100,12.3,6.2,79.5,11.8,4,15.6,1.95,0.77,0.25,0.18,0.31,0.31,0.13,0.13,0.31,0.32,0.32
Vegi Sizzler,Italian Style Crust,Large,219,920,7.4,3.8,25.6,7.3,2.1,11.7,0.99,0.39,415,1745,14,7.2,48.5,13.8,4,22.2,1.88,0.74,0.21,0.2,0.36,0.19,0.15,0.13,0.44,0.31,0.31
Vegi Sizzler,Italian Style Crust,Medium,218,914,7.2,3.8,26.4,7.1,2.3,10.7,0.98,0.39,356,1494,11.8,6.1,43.2,11.6,3.8,17.5,1.61,0.63,0.18,0.17,0.3,0.17,0.13,0.13,0.35,0.27,0.26
Vegi Sizzler,Italian Style Crust,Small,234,986,7.4,4,31.9,3.8,2,9.4,1,0.39,710,2987,22.4,12.2,96.5,11.6,6.1,28.5,3.03,1.19,0.36,0.32,0.61,0.37,0.13,0.2,0.57,0.5,0.5
Vegi Sizzler,Stuffed Crust,Large,217,908,7.6,4.3,25.7,6.7,3.9,9.4,0.96,0.38,572,2399,20.2,11.2,68,17.6,10.3,24.7,2.54,1,0.29,0.29,0.56,0.26,0.2,0.34,0.49,0.42,0.42
Vegi Sizzler,Stuffed Crust,Medium,228,958,8.7,4.5,27.4,6.8,3.8,8.4,1.01,0.4,553,2321,21,10.8,66.4,16.6,9.3,20.4,2.46,0.97,0.28,0.3,0.54,0.26,0.18,0.31,0.41,0.41,0.4
Vegi Sizzler,Thin & Crispy Crust,Large,236,988,9,4.6,29.2,6,2,8.5,0.83,0.33,379,1592,14.6,7.4,47,9.6,3.3,13.8,1.33,0.52,0.19,0.21,0.37,0.18,0.11,0.11,0.28,0.22,0.22
Vegi Sizzler,Thin & Crispy Crust,Medium,247,1036,9.4,4.8,29.5,5.9,1.9,10.3,1.21,0.47,350,1468,13.3,6.8,41.8,8.3,2.7,14.5,1.71,0.67,0.18,0.19,0.34,0.16,0.09,0.09,0.29,0.28,0.28
Vegi Supreme,Classic Crust,Large,229,965,6.9,3.4,30.7,6.4,2.1,10.2,0.98,0.38,539,2271,16.3,8.1,72.2,15,4.9,24.1,2.3,0.9,0.27,0.23,0.4,0.28,0.17,0.16,0.48,0.38,0.38
Vegi Supreme,Classic Crust,Medium,236,994,7.5,3.8,32.3,6.5,2.3,9.1,0.93,0.37,477,2006,15.1,7.7,65.3,13.2,4.7,18.3,1.87,0.74,0.24,0.22,0.38,0.25,0.15,0.16,0.37,0.31,0.31
Vegi Supreme,Classic Crust,Small,210,878,5.9,3.1,28.3,4.2,2.4,9.9,0.8,0.32,862,3608,24.4,12.9,116.3,17.1,9.9,40.6,3.29,1.29,0.43,0.35,0.64,0.45,0.19,0.33,0.81,0.55,0.54
Vegi Supreme,Classic Crust,Personal,266,1123,6.5,3.2,42.5,6.3,2.2,8.4,1.02,0.4,508,2145,12.5,6.2,81.2,12,4.3,16.1,1.95,0.77,0.25,0.18,0.31,0.31,0.13,0.14,0.32,0.32,0.32
Vegi Supreme,Italian Style Crust,Large,218,914,7.2,3.7,25.7,7.2,2.2,11.6,0.95,0.38,429,1804,14.3,7.2,50.7,14.1,4.4,22.9,1.88,0.74,0.21,0.2,0.36,0.2,0.16,0.15,0.46,0.31,0.31
Vegi Supreme,Italian Style Crust,Medium,216,907,7.1,3.6,26.5,7,2.4,10.6,0.94,0.37,368,1546,12.1,6.2,45.2,11.9,4.1,18.1,1.61,0.63,0.18,0.17,0.31,0.17,0.13,0.14,0.36,0.27,0.26
Vegi Supreme,Italian Style Crust,Small,233,981,7.3,3.9,31.9,3.8,2.1,9.4,0.97,0.38,732,3081,22.8,12.2,100.2,12,6.7,29.6,3.03,1.19,0.37,0.33,0.61,0.39,0.13,0.22,0.59,0.5,0.5
Vegi Supreme,Stuffed Crust,Large,215,904,7.5,4.1,25.8,6.6,3.9,9.3,0.93,0.37,586,2458,20.4,11.3,70.3,17.9,10.7,25.4,2.54,1,0.29,0.29,0.57,0.27,0.2,0.36,0.51,0.42,0.42
Vegi Supreme,Stuffed Crust,Medium,227,953,8.5,4.4,27.5,6.8,3.9,8.4,0.99,0.39,566,2373,21.2,10.9,68.5,16.8,9.7,21,2.46,0.97,0.28,0.3,0.55,0.26,0.19,0.32,0.42,0.41,0.4
Vegi Supreme,Thin & Crispy Crust,Large,233,977,8.8,4.4,29.2,5.9,2.2,8.5,0.79,0.31,393,1650,14.8,7.4,49.2,9.9,3.7,14.4,1.33,0.53,0.2,0.21,0.37,0.19,0.11,0.12,0.29,0.22,0.22
Vegi Supreme,Thin & Crispy Crust,Medium,244,1023,9.1,4.6,29.5,5.8,2,10.2,1.15,0.45,367,1538,13.7,6.9,44.3,8.7,3.1,15.3,1.73,0.68,0.18,0.2,0.34,0.17,0.1,0.1,0.31,0.29,0.28
Vegi Volcano,Classic Crust,Large,253,1059,9.7,4.4,31.3,6.4,2.2,9,1.34,0.53,621,2602,23.7,10.8,77,15.8,5.4,22.2,3.3,1.3,0.31,0.34,0.54,0.3,0.18,0.18,0.44,0.55,0.54
Vegi Volcano,Classic Crust,Medium,255,1072,9.8,4.5,30.5,5.1,2.2,10.3,1.44,0.57,539,2264,20.7,9.4,64.4,10.8,4.7,21.7,3.04,1.19,0.27,0.3,0.47,0.25,0.12,0.16,0.43,0.51,0.5
Vegi Volcano,Classic Crust,Small,292,1226,10.8,4.9,35.9,6.3,3.3,11.4,1.41,0.56,1228,5150,45.2,20.4,150.8,26.5,13.8,47.7,5.94,2.34,0.61,0.65,1.02,0.58,0.29,0.46,0.95,0.99,0.98
Vegi Volcano,Classic Crust,Personal,289,1211,9.6,4.4,38.2,6.1,3,10.9,1.38,0.54,572,2401,19,8.7,75.7,12.1,5.9,21.5,2.74,1.08,0.29,0.27,0.43,0.29,0.13,0.2,0.43,0.46,0.45
Vegi Volcano,Italian Style Crust,Large,247,1033,11.1,5,25.1,7.7,2.3,10.5,1.39,0.55,512,2145,23,10.4,52.2,15.9,4.8,21.9,2.89,1.14,0.26,0.33,0.52,0.2,0.18,0.16,0.44,0.48,0.48
Vegi Volcano,Italian Style Crust,Medium,241,1010,10.8,4.9,24.7,7.4,3,10,1.71,0.67,434,1817,19.4,8.9,44.4,13.3,5.3,17.9,3.07,1.21,0.22,0.28,0.44,0.17,0.15,0.18,0.36,0.51,0.5
Vegi Volcano,Italian Style Crust,Small,252,1056,11.2,5.1,26.2,5.3,2.4,10.5,1.82,0.71,815,3410,36.2,16.3,84.6,17.1,7.7,34,5.86,2.3,0.41,0.52,0.82,0.33,0.19,0.26,0.68,0.98,0.96
Vegi Volcano,Stuffed Crust,Large,243,1016,10.3,4.9,27.2,6.9,2.3,9.2,1.6,0.63,685,2867,29,13.9,76.6,19.3,6.5,26.1,4.5,1.77,0.34,0.41,0.7,0.29,0.21,0.22,0.52,0.75,0.74
Vegi Volcano,Stuffed Crust,Medium,252,1053,11.2,5.5,22.2,6.9,2.7,14.2,1.61,0.63,650,2724,29,14.1,57.4,17.8,7,36.6,4.17,1.64,0.32,0.41,0.7,0.22,0.2,0.23,0.73,0.7,0.68
Vegi Volcano,Thin & Crispy Crust,Large,251,1050,12.3,5.9,23.4,5,2.7,10.3,1.34,0.53,449,1880,22.1,10.5,42,8.9,4.8,18.5,2.4,0.95,0.22,0.32,0.52,0.16,0.1,0.16,0.37,0.4,0.4
Vegi Volcano,Thin & Crispy Crust,Medium,263,1102,12.8,6.1,27.5,5.1,2.3,8.6,1.4,0.55,416,1743,20.2,9.6,43.5,8.1,3.6,13.5,2.21,0.87,0.21,0.29,0.48,0.17,0.09,0.12,0.27,0.37,0.36
